id,datum_zahajeni,omezeni_dodavky,nahradni_zasobovani,obec,ulice,datum_ukonceni,poznamka,longitude,latitude,ObjectId,GlobalID,x,y
PU_PU_OM.30183912,10.02.2026 08:00,Ne,předzásobení,Kuřim,Na Loučkách,10.02.2026 10:00,"Odstávka z důvodu udržovacích prací vod.řadu.
Možnost předzásobení.",16.53847872,49.29981869,1,38740bdd-0c06-4f24-97dc-93078893aea1,1841055.02960579,6325888.32326231
PU_PU_OM.30184376,02.02.2026 01:38,Ano,cisterna,Brno,V rejích,02.02.2026 15:00,Cisterna bude přistavena:,16.65506628,49.13920386,2,0d6e26cc-3352-4634-94bc-aaf8f50679a1,1854033.49741782,6298514.46919195
PU_PU_OM.30184376,02.02.2026 01:38,Ano,cisterna,Brno,V rejích,02.02.2026 15:00,Cisterna bude přistavena:,16.65512699,49.13914618,3,f35e5199-3e6f-46ac-bee6-926df6895196,1854040.25562411,6298504.65464889
PU_PU_OM.30184376,02.02.2026 01:38,Ano,cisterna,Brno,V rejích,02.02.2026 15:00,Cisterna bude přistavena:,16.6551206,49.13909609,4,65db6598-7547-47ab-a0c0-0575be634f49,1854039.54429256,6298496.1315919
PU_PU_OM.30184376,02.02.2026 01:38,Ano,cisterna,Brno,V rejích,02.02.2026 15:00,Cisterna bude přistavena:,16.65516586,49.13907697,5,23461a1b-87be-44ce-a96f-898b4518da56,1854044.58261271,6298492.87823323
PU_PU_OM.30184376,02.02.2026 01:38,Ano,cisterna,Brno,V rejích,02.02.2026 15:00,Cisterna bude přistavena:,16.65492663,49.13893634,6,9c889d2e-ac00-4d7d-9333-97c250779607,1854017.95165093,6298468.94941039
PU_PU_OM.30184376,02.02.2026 01:38,Ano,cisterna,Brno,V rejích,02.02.2026 15:00,Cisterna bude přistavena:,16.65492706,49.13893175,7,40403e29-1ef6-4327-83a7-234ad03b653a,1854017.99951831,6298468.16840252
PU_PU_OM.30184376,02.02.2026 01:38,Ano,cisterna,Brno,V rejích,02.02.2026 15:00,Cisterna bude přistavena:,16.65518175,49.13898283,8,7a1c6347-ba78-441b-a8bb-9106cb9278fe,1854046.35147942,6298476.8598841
PU_PU_OM.30184376,02.02.2026 01:38,Ano,cisterna,Brno,V rejích,02.02.2026 15:00,Cisterna bude přistavena:,16.65537411,49.13893525,9,1c65fb5b-de9d-475d-a96b-f25c3a449baf,1854067.76489667,6298468.76394229
PU_PU_OM.30184376,02.02.2026 01:38,Ano,cisterna,Brno,V rejích,02.02.2026 15:00,Cisterna bude přistavena:,16.65478929,49.13932794,10,465e6337-9c3c-43fa-bc2a-a0d861a9a272,1854002.66303207,6298535.58206877
PU_PU_OM.30184376,02.02.2026 01:38,Ano,cisterna,Brno,V rejích,02.02.2026 15:00,Cisterna bude přistavena:,16.65494398,49.1393923,11,b0952291-8e27-4ee3-924b-a0eb3888b403,1854019.8830441,6298546.53328843
PU_PU_OM.30184376,02.02.2026 01:38,Ano,cisterna,Brno,V rejích,02.02.2026 15:00,Cisterna bude přistavena:,16.65471683,49.13943085,12,25ed6e3f-fc73-4751-915f-e5579f8a9027,1853994.59682176,6298553.09279676
PU_PU_OM.30184376,02.02.2026 01:38,Ano,cisterna,Brno,V rejích,02.02.2026 15:00,Cisterna bude přistavena:,16.65458661,49.14009822,13,197bc724-8153-424d-9c9f-2b7a6d38d9ab,1853980.10079767,6298666.65052054
PU_PU_OM.30184376,02.02.2026 01:38,Ano,cisterna,Brno,V rejích,02.02.2026 15:00,Cisterna bude přistavena:,16.65462438,49.14002569,14,c9443635-d07a-4af5-bc53-1613d2851188,1853984.30533484,6298654.30895419
PU_PU_OM.30184376,02.02.2026 01:38,Ano,cisterna,Brno,V rejích,02.02.2026 15:00,Cisterna bude přistavena:,16.65441297,49.13993729,15,c47535f8-83b7-4836-b3de-1e79c3b3a9d1,1853960.77128129,6298639.26700336
PU_PU_OM.30184376,02.02.2026 01:38,Ano,cisterna,Brno,V rejích,02.02.2026 15:00,Cisterna bude přistavena:,16.65467574,49.13994157,16,8964d90d-3838-4ad6-9500-871c250ca7e9,1853990.02270389,6298639.99527819
PU_PU_OM.30184376,02.02.2026 01:38,Ano,cisterna,Brno,V rejích,02.02.2026 15:00,Cisterna bude přistavena:,16.65473587,49.13983296,17,b3b74bc7-d307-48ac-842d-d944d99d08d7,1853996.71634487,6298621.51447306
PU_PU_OM.30184376,02.02.2026 01:38,Ano,cisterna,Brno,V rejích,02.02.2026 15:00,Cisterna bude přistavena:,16.6545199,49.13975032,18,827ed16d-4102-4906-8f5e-01bced1bb81c,1853972.67467444,6298607.45268511
PU_PU_OM.30184376,02.02.2026 01:38,Ano,cisterna,Brno,V rejích,02.02.2026 15:00,Cisterna bude přistavena:,16.65453668,49.13971637,19,7d3dbc97-236f-441c-bc3b-c27bc3188ebf,1853974.5426155,6298601.67585622
PU_PU_OM.30184376,02.02.2026 01:38,Ano,cisterna,Brno,V rejích,02.02.2026 15:00,Cisterna bude přistavena:,16.65476736,49.13978162,20,2b15899d-427e-4bfd-bc92-3b210b16fe10,1854000.22179563,6298612.77860156
PU_PU_OM.30184376,02.02.2026 01:38,Ano,cisterna,Brno,V rejích,02.02.2026 15:00,Cisterna bude přistavena:,16.65477957,49.13976043,21,45a8297f-d004-4db9-9876-65bfb79624d6,1854001.58100662,6298609.17297277
PU_PU_OM.30184376,02.02.2026 01:38,Ano,cisterna,Brno,V rejích,02.02.2026 15:00,Cisterna bude přistavena:,16.65482445,49.13967682,22,22b85de9-9f20-4b20-9666-e96e95218a84,1854006.57702536,6298594.94615333
PU_PU_OM.30184376,02.02.2026 01:38,Ano,cisterna,Brno,V rejích,02.02.2026 15:00,Cisterna bude přistavena:,16.65500363,49.1396559,23,5f4a3310-b7c3-40eb-9851-0c2ffe359327,1854026.52325172,6298591.38647448
PU_PU_OM.30184376,02.02.2026 01:38,Ano,cisterna,Brno,V rejích,02.02.2026 15:00,Cisterna bude přistavena:,16.65493717,49.13956784,24,05ef70cf-6375-4338-bdc4-7dc5b01cac5f,1854019.12495836,6298576.40248905
PU_PU_OM.30184376,02.02.2026 01:38,Ano,cisterna,Brno,V rejích,02.02.2026 15:00,Cisterna bude přistavena:,16.65490416,49.13954385,25,72cb9c73-4e64-4063-916a-df6a86699ac4,1854015.45030197,6298572.32043813
PU_PU_OM.30184376,02.02.2026 01:38,Ano,cisterna,Brno,V rejích,02.02.2026 15:00,Cisterna bude přistavena:,16.65495201,49.13945774,26,c96be9c7-6826-4642-95a1-1053cbef56c6,1854020.77693961,6298557.66829081
PU_PU_OM.30184376,02.02.2026 01:38,Ano,cisterna,Brno,V rejích,02.02.2026 15:00,Cisterna bude přistavena:,16.65473617,49.13937522,27,71b50dbd-c430-4608-a7ac-eeb82d20b2c0,1853996.74974072,6298543.62702801
PU_PU_OM.30184376,02.02.2026 01:38,Ano,cisterna,Brno,V rejích,02.02.2026 15:00,Cisterna bude přistavena:,16.65498929,49.13939041,28,61b75df0-02d9-48ab-b546-b86fdb92bb13,1854024.92693022,6298546.21169399
PU_PU_OM.30184376,02.02.2026 01:38,Ano,cisterna,Brno,V rejích,02.02.2026 15:00,Cisterna bude přistavena:,16.65477955,49.13931406,29,61fc3c71-a539-48b5-bcff-bed26836da7b,1854001.57878023,6298533.22030977
PU_PU_OM.30184376,02.02.2026 01:38,Ano,cisterna,Brno,V rejích,02.02.2026 15:00,Cisterna bude přistavena:,16.65502047,49.13933522,30,093b8a5e-c6f9-4a5f-82be-c6654d57771e,1854028.39787195,6298536.82080142
PU_PU_OM.30184376,02.02.2026 01:38,Ano,cisterna,Brno,V rejích,02.02.2026 15:00,Cisterna bude přistavena:,16.65505642,49.1392737,31,8700aba9-77ff-4b1f-a387-0aa52f91463a,1854032.39980764,6298526.35283565
PU_PU_OM.30184376,02.02.2026 01:38,Ano,cisterna,Brno,V rejích,02.02.2026 15:00,Cisterna bude přistavena:,16.65486197,49.13915975,32,7746a65e-121d-4130-aa55-2909d4757fa0,1854010.75373266,6298506.96365183
PU_PU_OM.30184376,02.02.2026 01:38,Ano,cisterna,Brno,V rejích,02.02.2026 15:00,Cisterna bude přistavena:,16.65486725,49.1391496,33,97c620da-74d6-4258-8704-96f48384acd8,1854011.34149957,6298505.23657883
PU_PU_OM.30184356,01.02.2026 03:37,Ano,cisterna,Brno,Živného,01.02.2026 15:00,Cisterna bude přistavena:,16.52604592,49.22325981,34,3d9e3b8e-ac19-4b4c-9cde-693052316e8b,1839671.01664066,6312829.16867644
PU_PU_OM.30184356,01.02.2026 03:37,Ano,cisterna,Brno,Živného,01.02.2026 15:00,Cisterna bude přistavena:,16.52631091,49.22335869,35,c34d39b7-8b85-4061-b66d-cb12560779fb,1839700.51519252,6312846.02223504
PU_PU_OM.30184356,01.02.2026 03:37,Ano,cisterna,Brno,Živného,01.02.2026 15:00,Cisterna bude přistavena:,16.52652856,49.2232726,36,a1f572e2-f226-472b-b168-8ee5b3e27c9f,1839724.74387969,6312831.34866053
PU_PU_OM.30184356,01.02.2026 03:37,Ano,cisterna,Brno,Živného,01.02.2026 15:00,Cisterna bude přistavena:,16.52673288,49.2234517,37,a81d04a2-cde1-43dc-bd82-eb4f96599f61,1839747.48867805,6312861.87531481
PU_PU_OM.30184356,01.02.2026 03:37,Ano,cisterna,Brno,Živného,01.02.2026 15:00,Cisterna bude přistavena:,16.52724887,49.22398005,38,79fbc5ab-1385-4dab-b6ab-54b572a945a5,1839804.92842211,6312951.9304418
PU_PU_OM.30184356,01.02.2026 03:37,Ano,cisterna,Brno,Živného,01.02.2026 15:00,Cisterna bude přistavena:,16.52750471,49.22428356,39,9e939d7a-62de-4a9c-a462-ee9ca43d7cd1,1839833.40840063,6313003.66293287
PU_PU_OM.30184356,01.02.2026 03:37,Ano,cisterna,Brno,Živného,01.02.2026 15:00,Cisterna bude přistavena:,16.52785626,49.22466395,40,c2ed0ec9-ed59-475e-a221-54a55e8e9ef0,1839872.54276762,6313068.49986889
PU_PU_OM.30184356,01.02.2026 03:37,Ano,cisterna,Brno,Živného,01.02.2026 15:00,Cisterna bude přistavena:,16.52777789,49.22489246,41,47a1c618-be01-42c0-a519-c3af71d99cdc,1839863.81865913,6313107.4493143
PU_PU_OM.30184356,01.02.2026 03:37,Ano,cisterna,Brno,Živného,01.02.2026 15:00,Cisterna bude přistavena:,16.52760789,49.22471645,42,c4556ee4-3543-46c2-9ddd-2e569415070a,1839844.89434569,6313077.44845864
PU_PU_OM.30184356,01.02.2026 03:37,Ano,cisterna,Brno,Živného,01.02.2026 15:00,Cisterna bude přistavena:,16.52746328,49.22456312,43,4bc51d0d-64ec-4184-b3d3-c9aa61adac7a,1839828.79643413,6313051.31348978
PU_PU_OM.30184356,01.02.2026 03:37,Ano,cisterna,Brno,Živného,01.02.2026 15:00,Cisterna bude přistavena:,16.52728937,49.22430795,44,ef5dd141-abde-42aa-9114-2ff3fdd638bb,1839809.43686148,6313007.8201588
PU_PU_OM.30184356,01.02.2026 03:37,Ano,cisterna,Brno,Živného,01.02.2026 15:00,Cisterna bude přistavena:,16.52688463,49.22396754,45,55068e9d-a1ac-40b4-baaa-b2f904442278,1839764.38141078,6312949.79815161
PU_PU_OM.30184356,01.02.2026 03:37,Ano,cisterna,Brno,Živného,01.02.2026 15:00,Cisterna bude přistavena:,16.52676562,49.22383633,46,64c5ea49-12be-4a29-a11e-2686ee07397a,1839751.13327818,6312927.433852
PU_PU_OM.30184356,01.02.2026 03:37,Ano,cisterna,Brno,Živného,01.02.2026 15:00,Cisterna bude přistavena:,16.52615404,49.22336908,47,7ee8a81c-16a4-4f4b-896f-dd979e5ac45c,1839683.052504,6312847.79315603
PU_PU_OM.30184356,01.02.2026 03:37,Ano,cisterna,Brno,Živného,01.02.2026 15:00,Cisterna bude přistavena:,16.52771292,49.22451421,48,a8417f88-b480-4482-a4ca-2b00019db6f7,1839856.58623181,6313042.97683869
PU_PU_OM.30184356,01.02.2026 03:37,Ano,cisterna,Brno,Živného,01.02.2026 15:00,Cisterna bude přistavena:,16.52727508,49.22437238,49,9048728d-a09e-4589-bd23-6ab54af398fb,1839807.84610596,6313018.80213123
PU_PU_OM.30184356,01.02.2026 03:37,Ano,cisterna,Brno,Živného,01.02.2026 15:00,Cisterna bude přistavena:,16.52680894,49.22388676,50,bbd4f868-6061-4a76-86ad-4c4516ea5d87,1839755.95563852,6312936.02946748
PU_PU_OM.30184356,01.02.2026 03:37,Ano,cisterna,Brno,Živného,01.02.2026 15:00,Cisterna bude přistavena:,16.52634894,49.22311089,51,eff8229a-1e76-4b9e-abd6-413bed420417,1839704.74867276,6312803.78613546
PU_PU_OM.30184356,01.02.2026 03:37,Ano,cisterna,Brno,Živného,01.02.2026 15:00,Cisterna bude přistavena:,16.52641518,49.22316703,52,27916c64-4ea5-453d-87e5-2f883dfc0d1f,1839712.12247583,6312813.35486036
PU_PU_OM.30184356,01.02.2026 03:37,Ano,cisterna,Brno,Živného,01.02.2026 15:00,Cisterna bude přistavena:,16.52656859,49.2233105,53,2cc96de0-eb7a-4e8a-a538-783b535e013a,1839729.19999891,6312837.80850723
PU_PU_OM.30184356,01.02.2026 03:37,Ano,cisterna,Brno,Živného,01.02.2026 15:00,Cisterna bude přistavena:,16.52678263,49.22349557,54,2404954f-0279-45d8-998d-f806b8296a46,1839753.02682272,6312869.35274276
PU_PU_OM.30184356,01.02.2026 03:37,Ano,cisterna,Brno,Živného,01.02.2026 15:00,Cisterna bude přistavena:,16.52699924,49.22369777,55,6db2107d-0e38-442a-8431-63d2a7f467ba,1839777.13973762,6312903.81683427
PU_PU_OM.30184356,01.02.2026 03:37,Ano,cisterna,Brno,Živného,01.02.2026 15:00,Cisterna bude přistavena:,16.52710052,49.22381705,56,b028a3b6-ea2e-4247-8894-31a677adb72c,1839788.41417565,6312924.14764637
PU_PU_OM.30184356,01.02.2026 03:37,Ano,cisterna,Brno,Živného,01.02.2026 15:00,Cisterna bude přistavena:,16.52723454,49.22396442,57,c60e21ad-45f4-4f1d-9251-bcd023e08ab0,1839803.3332138,6312949.2663575
PU_PU_OM.30184356,01.02.2026 03:37,Ano,cisterna,Brno,Živného,01.02.2026 15:00,Cisterna bude přistavena:,16.52733265,49.22407578,58,e7123f5c-bb44-4cc9-889b-712b562dd4d4,1839814.25476904,6312968.24733731
PU_PU_OM.30184356,01.02.2026 03:37,Ano,cisterna,Brno,Živného,01.02.2026 15:00,Cisterna bude přistavena:,16.52739607,49.22414456,59,37a29523-5bc2-4812-8890-d07d8e1ec852,1839821.31465115,6312979.97070451
PU_PU_OM.30184356,01.02.2026 03:37,Ano,cisterna,Brno,Živného,01.02.2026 15:00,Cisterna bude přistavena:,16.5275362,49.22431385,60,4e468385-d24a-4acf-a059-da7bdfc997ff,1839836.9138514,6313008.82580212
PU_PU_OM.30184356,01.02.2026 03:37,Ano,cisterna,Brno,Živného,01.02.2026 15:00,Cisterna bude přistavena:,16.52768081,49.22447759,61,450452ff-5792-44d3-83ce-20b54d099837,1839853.01176296,6313036.73500883
PU_PU_OM.30184356,01.02.2026 03:37,Ano,cisterna,Brno,Živného,01.02.2026 15:00,Cisterna bude přistavena:,16.5280118,49.22484783,62,8cb4b896-8b60-478c-b5a6-676f7025d733,1839889.85740122,6313099.84213307
PU_PU_OM.30184356,01.02.2026 03:37,Ano,cisterna,Brno,Živného,01.02.2026 15:00,Cisterna bude přistavena:,16.52773798,49.2248488,63,ba880cc9-2139-47fc-a398-62ea647efc27,1839859.37589825,6313100.00746945
PU_PU_OM.30184356,01.02.2026 03:37,Ano,cisterna,Brno,Živného,01.02.2026 15:00,Cisterna bude přistavena:,16.52756822,49.22467621,64,2c3bfdde-d337-41ed-9e68-408e901acfe5,1839840.47830149,6313070.58957681
PU_PU_OM.30184356,01.02.2026 03:37,Ano,cisterna,Brno,Živného,01.02.2026 15:00,Cisterna bude přistavena:,16.52750668,49.22461223,65,0406206f-174a-434e-84f4-690d8f5c6bf4,1839833.62770003,6313059.68423893
PU_PU_OM.30184356,01.02.2026 03:37,Ano,cisterna,Brno,Živného,01.02.2026 15:00,Cisterna bude přistavena:,16.52738173,49.22446974,66,09f343a1-2e11-4feb-b865-6007e7f8cd8e,1839819.71832965,6313035.39698746
PU_PU_OM.30184356,01.02.2026 03:37,Ano,cisterna,Brno,Živného,01.02.2026 15:00,Cisterna bude přistavena:,16.52734849,49.22443938,67,6dfa8a1a-5f36-458f-a015-9001ae27cb32,1839816.01806978,6313030.22217053
PU_PU_OM.30184356,01.02.2026 03:37,Ano,cisterna,Brno,Živného,01.02.2026 15:00,Cisterna bude přistavena:,16.52700293,49.22409149,68,4c036558-a90c-4976-a60a-190dabbc7e8a,1839777.55050654,6312970.92506339
PU_PU_OM.30184356,01.02.2026 03:37,Ano,cisterna,Brno,Živného,01.02.2026 15:00,Cisterna bude přistavena:,16.52692082,49.22400683,69,9c7368e0-896c-490f-b14e-416d085f03b2,1839768.41006315,6312956.49501045
PU_PU_OM.30184356,01.02.2026 03:37,Ano,cisterna,Brno,Živného,01.02.2026 15:00,Cisterna bude přistavena:,16.52684516,49.22392615,70,629619d3-a188-4e52-9e2d-81815f2dc18d,1839759.98763048,6312942.74336004
PU_PU_OM.30184356,01.02.2026 03:37,Ano,cisterna,Brno,Živného,01.02.2026 15:00,Cisterna bude přistavena:,16.52674994,49.22381836,71,c1afe273-8629-4607-b5b5-77b487d56b05,1839749.38778856,6312924.37093105
PU_PU_OM.30184356,01.02.2026 03:37,Ano,cisterna,Brno,Živného,01.02.2026 15:00,Cisterna bude přistavena:,16.52651511,49.22367731,72,7990355c-cc66-46af-ab29-f8321eddf502,1839723.24663254,6312900.32951177
PU_PU_OM.30184356,01.02.2026 03:37,Ano,cisterna,Brno,Živného,01.02.2026 15:00,Cisterna bude přistavena:,16.52650825,49.22352686,73,7875b606-811e-417f-94da-4dcfa22f70e9,1839722.48298083,6312874.68597499
PU_PU_OM.30184356,01.02.2026 03:37,Ano,cisterna,Brno,Živného,01.02.2026 15:00,Cisterna bude přistavena:,16.52645046,49.22347774,74,d538e5e9-fb74-439a-896b-5447745938ef,1839716.04982746,6312866.31370525
PU_PU_OM.30184356,01.02.2026 03:37,Ano,cisterna,Brno,Živného,01.02.2026 15:00,Cisterna bude přistavena:,16.5268663,49.22357097,75,d31705a3-ea66-4dfa-830e-65e1f5184549,1839762.34092451,6312882.20432122
PU_PU_OM.30184356,01.02.2026 03:37,Ano,cisterna,Brno,Živného,01.02.2026 15:00,Cisterna bude přistavena:,16.52665138,49.2237112,76,13bcbbe9-1c52-446b-b6d3-031e4ee1bfd1,1839738.41613955,6312906.10592309
PU_PU_OM.30184336,31.01.2026 12:26,Ano,cisterna,Brno,Podstránská,31.01.2026 19:00,Cisterna: Podstránská 110,16.66981245,49.18929241,77,98a8e69f-99c3-4759-b1a8-abc0ffa5584e,1855675.03355337,6307041.60430838
PU_PU_OM.30184336,31.01.2026 12:26,Ano,cisterna,Brno,Podstránská,31.01.2026 19:00,Cisterna: Podstránská 110,16.66869592,49.18845814,78,adeff174-9642-4d6f-a327-2ad4b235327f,1855550.74200232,6306899.50651231
PU_PU_OM.30184336,31.01.2026 12:26,Ano,cisterna,Brno,Podstránská,31.01.2026 19:00,Cisterna: Podstránská 110,16.66878876,49.18852766,79,66f9b99d-f4a4-4f64-8ef8-405148cab583,1855561.07690384,6306911.34747799
PU_PU_OM.30184336,31.01.2026 12:26,Ano,cisterna,Brno,Podstránská,31.01.2026 19:00,Cisterna: Podstránská 110,16.66879891,49.18856998,80,cc1cab36-ada4-4db1-a7e8-4f272dbded81,1855562.20679667,6306918.55562289
PU_PU_OM.30184336,31.01.2026 12:26,Ano,cisterna,Brno,Podstránská,31.01.2026 19:00,Cisterna: Podstránská 110,16.66887528,49.18862253,81,3f7ab54a-8c20-40e7-a714-204f343ff051,1855570.70826619,6306927.50619893
PU_PU_OM.30184336,31.01.2026 12:26,Ano,cisterna,Brno,Podstránská,31.01.2026 19:00,Cisterna: Podstránská 110,16.66897268,49.18866126,82,e4b9897b-ad0a-473b-8cc1-06580aca8467,1855581.55078459,6306934.10289027
PU_PU_OM.30184336,31.01.2026 12:26,Ano,cisterna,Brno,Podstránská,31.01.2026 19:00,Cisterna: Podstránská 110,16.66900435,49.18868703,83,0597b2d7-12e9-4418-b437-9e22e42e79fd,1855585.07627286,6306938.4921711
PU_PU_OM.30184336,31.01.2026 12:26,Ano,cisterna,Brno,Podstránská,31.01.2026 19:00,Cisterna: Podstránská 110,16.6690721,49.18877434,84,bd919eed-8a59-423a-9b2e-99ee79b01395,1855592.61816836,6306953.36328275
PU_PU_OM.30184336,31.01.2026 12:26,Ano,cisterna,Brno,Podstránská,31.01.2026 19:00,Cisterna: Podstránská 110,16.66910937,49.18879699,85,75f8734d-8319-4596-aa73-ac3c88018a80,1855596.76704579,6306957.2211576
PU_PU_OM.30184336,31.01.2026 12:26,Ano,cisterna,Brno,Podstránská,31.01.2026 19:00,Cisterna: Podstránská 110,16.66917869,49.18883886,86,b77de6e2-b5d3-4b06-b6ae-469d7d23a58c,1855604.48371289,6306964.35269514
PU_PU_OM.30184336,31.01.2026 12:26,Ano,cisterna,Brno,Podstránská,31.01.2026 19:00,Cisterna: Podstránská 110,16.66924156,49.18888947,87,4758bffe-056b-4708-8791-eacfe6029579,1855611.48236927,6306972.97288746
PU_PU_OM.30184336,31.01.2026 12:26,Ano,cisterna,Brno,Podstránská,31.01.2026 19:00,Cisterna: Podstránská 110,16.66934373,49.18895718,88,096b9b39-0cab-44c9-97c3-16790f5a2d99,1855622.85588165,6306984.50566596
PU_PU_OM.30184336,31.01.2026 12:26,Ano,cisterna,Brno,Podstránská,31.01.2026 19:00,Cisterna: Podstránská 110,16.6694329,49.18899455,89,d51b051e-f818-4792-9a83-d1298502165f,1855632.78224064,6306990.87075811
PU_PU_OM.30184336,31.01.2026 12:26,Ano,cisterna,Brno,Podstránská,31.01.2026 19:00,Cisterna: Podstránská 110,16.66948651,49.18903312,90,9ca101b2-3f80-48d2-80d3-404cf990b8c2,1855638.75007854,6306997.44024682
PU_PU_OM.30184336,31.01.2026 12:26,Ano,cisterna,Brno,Podstránská,31.01.2026 19:00,Cisterna: Podstránská 110,16.6695656,49.1890875,91,b2e5c021-2889-4364-aa66-0ab166d49f1c,1855647.55433707,6307006.70260439
PU_PU_OM.30184336,31.01.2026 12:26,Ano,cisterna,Brno,Podstránská,31.01.2026 19:00,Cisterna: Podstránská 110,16.67007255,49.18948664,92,d4c44c7f-6989-4095-accb-25d1a82dd275,1855703.98775293,6307074.68705354
PU_PU_OM.30184336,31.01.2026 12:26,Ano,cisterna,Brno,Podstránská,31.01.2026 19:00,Cisterna: Podstránská 110,16.66995283,49.18941703,93,18b30359-7da0-4be4-9e89-462281d1ec33,1855690.66058349,6307062.83052885
PU_PU_OM.30184335,30.01.2026 22:39,Ano,cisterna,Brno,Jandáskova,31.01.2026 15:00,Cisterna bude přistavena: Jandáskova 48/50,16.59415532,49.25723321,94,b0abd85a-470c-4236-a92b-b8b6d599fc45,1847252.92036689,6318621.736034
PU_PU_OM.30184335,30.01.2026 22:39,Ano,cisterna,Brno,Jandáskova,31.01.2026 15:00,Cisterna bude přistavena: Jandáskova 48/50,16.59428876,49.2574026,95,67810488-1ce9-4d2c-a849-8b4526cf2886,1847267.77483974,6318650.62752753
PU_PU_OM.30184335,30.01.2026 22:39,Ano,cisterna,Brno,Jandáskova,31.01.2026 15:00,Cisterna bude přistavena: Jandáskova 48/50,16.59484476,49.25731709,96,ee142c95-c78a-4989-a788-d0f55785adc9,1847329.66847662,6318636.04276036
PU_PU_OM.30184335,30.01.2026 22:39,Ano,cisterna,Brno,Jandáskova,31.01.2026 15:00,Cisterna bude přistavena: Jandáskova 48/50,16.59575654,49.25743929,97,db94bc5a-ba11-4272-a7b5-f28f2f7370dc,1847431.16736194,6318656.88545958
PU_PU_OM.30184335,30.01.2026 22:39,Ano,cisterna,Brno,Jandáskova,31.01.2026 15:00,Cisterna bude přistavena: Jandáskova 48/50,16.59331641,49.25703721,98,0e455fa2-b35d-4549-b777-f4c38c122ad4,1847159.53333287,6318588.30600997
PU_PU_OM.30184335,30.01.2026 22:39,Ano,cisterna,Brno,Jandáskova,31.01.2026 15:00,Cisterna bude přistavena: Jandáskova 48/50,16.593596,49.25705264,99,3667604d-0453-45ba-9e1e-1fc08b923d27,1847190.6571493,6318590.93776674
PU_PU_OM.30184335,30.01.2026 22:39,Ano,cisterna,Brno,Jandáskova,31.01.2026 15:00,Cisterna bude přistavena: Jandáskova 48/50,16.59376744,49.25709382,100,cb4e488c-3d9e-468f-abd9-465013632dd6,1847209.7417628,6318597.96147419
PU_PU_OM.30184335,30.01.2026 22:39,Ano,cisterna,Brno,Jandáskova,31.01.2026 15:00,Cisterna bude přistavena: Jandáskova 48/50,16.59382632,49.25733527,101,824134ae-0315-41cd-b08f-9c222f56f0e7,1847216.29625442,6318639.14357765
PU_PU_OM.30184335,30.01.2026 22:39,Ano,cisterna,Brno,Jandáskova,31.01.2026 15:00,Cisterna bude přistavena: Jandáskova 48/50,16.59403039,49.25739562,102,972f8ed5-f100-4743-af35-6950119c41af,1847239.01322291,6318649.43700296
PU_PU_OM.30184335,30.01.2026 22:39,Ano,cisterna,Brno,Jandáskova,31.01.2026 15:00,Cisterna bude přistavena: Jandáskova 48/50,16.59404732,49.25739956,103,3d09273c-e805-4ac1-a25c-1da16506dad5,1847240.89786189,6318650.10901824
PU_PU_OM.30184335,30.01.2026 22:39,Ano,cisterna,Brno,Jandáskova,31.01.2026 15:00,Cisterna bude přistavena: Jandáskova 48/50,16.5943056,49.25740694,104,f6185f5f-a56b-4f4e-9f1c-a5f69894bda7,1847269.64945997,6318651.36776782
PU_PU_OM.30184335,30.01.2026 22:39,Ano,cisterna,Brno,Jandáskova,31.01.2026 15:00,Cisterna bude přistavena: Jandáskova 48/50,16.5944804,49.25731137,105,a5a033c1-a05a-461f-87c1-eff82f1c562b,1847289.10810696,6318635.06714591
PU_PU_OM.30184335,30.01.2026 22:39,Ano,cisterna,Brno,Jandáskova,31.01.2026 15:00,Cisterna bude přistavena: Jandáskova 48/50,16.59524952,49.257492,106,0c3af958-736e-4238-b360-af71829ba544,1847374.72615372,6318665.87580838
PU_PU_OM.30184335,30.01.2026 22:39,Ano,cisterna,Brno,Jandáskova,31.01.2026 15:00,Cisterna bude přistavena: Jandáskova 48/50,16.59592806,49.25741663,107,b7c02906-7078-40cd-a918-a206c28e49da,1847450.260881,6318653.02051653
PU_PU_OM.30184335,30.01.2026 22:39,Ano,cisterna,Brno,Jandáskova,31.01.2026 15:00,Cisterna bude přistavena: Jandáskova 48/50,16.59430376,49.25727139,108,fbbda053-d12f-44f7-bafc-3b1924c81008,1847269.44463211,6318628.24808168
PU_PU_OM.30183954,10.02.2026 08:00,Ne,předzásobení,Brno,Bílovická,10.02.2026 14:00,"Odstávka z důvodu napojení provizorního zásobování.
Možnost předzásobení.",16.65088524,49.23072281,109,d3bb377b-af0c-46a1-ab3b-a574c92a8ccb,1853568.06617403,6314101.29125971
PU_PU_OM.30183954,10.02.2026 08:00,Ne,předzásobení,Brno,Bílovická,10.02.2026 14:00,"Odstávka z důvodu napojení provizorního zásobování.
Možnost předzásobení.",16.65103902,49.23064476,110,7e2ce80d-c2ee-4f3a-b04d-2e734657ce54,1853585.18488533,6314087.9860757
PU_PU_OM.30183954,10.02.2026 08:00,Ne,předzásobení,Brno,Bílovická,10.02.2026 14:00,"Odstávka z důvodu napojení provizorního zásobování.
Možnost předzásobení.",16.6507947,49.23197216,111,7cf69c79-6930-4a09-a48d-36684bc47edf,1853557.98730734,6314314.2708236
PU_PU_OM.30183954,10.02.2026 08:00,Ne,předzásobení,Brno,Bílovická,10.02.2026 14:00,"Odstávka z důvodu napojení provizorního zásobování.
Možnost předzásobení.",16.65052197,49.23182857,112,ffcf1ec9-4f75-43a4-8960-9f0f6d5e21d5,1853527.62714261,6314289.79243257
PU_PU_OM.30183954,10.02.2026 08:00,Ne,předzásobení,Brno,Bílovická,10.02.2026 14:00,"Odstávka z důvodu napojení provizorního zásobování.
Možnost předzásobení.",16.65092539,49.2320476,113,6dec5ecb-b107-4764-92fd-bc00ce76a861,1853572.53565159,6314327.13142611
PU_PU_OM.30183954,10.02.2026 08:00,Ne,předzásobení,Brno,Bílovická,10.02.2026 14:00,"Odstávka z důvodu napojení provizorního zásobování.
Možnost předzásobení.",16.6512327,49.23222519,114,326fec3c-89e5-4026-874d-ae7828614123,1853606.74524431,6314357.40608475
PU_PU_OM.30183954,10.02.2026 08:00,Ne,předzásobení,Brno,Bílovická,10.02.2026 14:00,"Odstávka z důvodu napojení provizorního zásobování.
Možnost předzásobení.",16.65137808,49.23227663,115,1c47f2c6-facc-464a-b09a-9d05add9d7b8,1853622.92887188,6314366.17534006
PU_PU_OM.30183954,10.02.2026 08:00,Ne,předzásobení,Brno,Bílovická,10.02.2026 14:00,"Odstávka z důvodu napojení provizorního zásobování.
Možnost předzásobení.",16.65156186,49.23239499,116,d252a88b-f968-4274-adcd-e59ee838b1fc,1853643.3871679,6314386.35284477
PU_PU_OM.30183954,10.02.2026 08:00,Ne,předzásobení,Brno,Bílovická,10.02.2026 14:00,"Odstávka z důvodu napojení provizorního zásobování.
Možnost předzásobení.",16.65164224,49.23241324,117,9cad543e-9408-4777-8564-3224f8db0134,1853652.33502857,6314389.46403072
PU_PU_OM.30183954,10.02.2026 08:00,Ne,předzásobení,Brno,Bílovická,10.02.2026 14:00,"Odstávka z důvodu napojení provizorního zásobování.
Možnost předzásobení.",16.6518972,49.23248981,118,3a58b037-1839-4136-9287-8552a3a09568,1853680.71704594,6314402.5173862
PU_PU_OM.30183954,10.02.2026 08:00,Ne,předzásobení,Brno,Bílovická,10.02.2026 14:00,"Odstávka z důvodu napojení provizorního zásobování.
Možnost předzásobení.",16.65200054,49.23251703,119,dc408ca7-51f8-45b0-99b6-5a1b405de218,1853692.22080212,6314407.1577507
PU_PU_OM.30183954,10.02.2026 08:00,Ne,předzásobení,Brno,Bílovická,10.02.2026 14:00,"Odstávka z důvodu napojení provizorního zásobování.
Možnost předzásobení.",16.65224774,49.23257849,120,a64166eb-b69c-46a6-92da-6718f67ddec8,1853719.73898024,6314417.63523262
PU_PU_OM.30183954,10.02.2026 08:00,Ne,předzásobení,Brno,Bílovická,10.02.2026 14:00,"Odstávka z důvodu napojení provizorního zásobování.
Možnost předzásobení.",16.65231295,49.23261676,121,e01f655f-1e71-40fb-b30f-939d35298e59,1853726.99812424,6314424.15937252
PU_PU_OM.30183954,10.02.2026 08:00,Ne,předzásobení,Brno,Bílovická,10.02.2026 14:00,"Odstávka z důvodu napojení provizorního zásobování.
Možnost předzásobení.",16.65254864,49.23266205,122,46961018-a3d7-4262-9e76-dcd4230f9588,1853753.23501502,6314431.88026475
PU_PU_OM.30183954,10.02.2026 08:00,Ne,předzásobení,Brno,Bílovická,10.02.2026 14:00,"Odstávka z důvodu napojení provizorního zásobování.
Možnost předzásobení.",16.65266731,49.23271013,123,57d81a18-7f43-461d-b4cf-82559b24e21b,1853766.44529899,6314440.07679487
PU_PU_OM.30183954,10.02.2026 08:00,Ne,předzásobení,Brno,Bílovická,10.02.2026 14:00,"Odstávka z důvodu napojení provizorního zásobování.
Možnost předzásobení.",16.65301084,49.23278352,124,99fc3c7d-a3f7-4f06-9926-bbe84d08d8bd,1853804.68688366,6314452.58811112
PU_PU_OM.30183954,10.02.2026 08:00,Ne,předzásobení,Brno,Bílovická,10.02.2026 14:00,"Odstávka z důvodu napojení provizorního zásobování.
Možnost předzásobení.",16.649122,49.23384287,125,7e445ce2-e0f1-4945-9852-9d4ff6900db9,1853371.78319509,6314633.18512476
PU_PU_OM.30183954,10.02.2026 08:00,Ne,předzásobení,Brno,Bílovická,10.02.2026 14:00,"Odstávka z důvodu napojení provizorního zásobování.
Možnost předzásobení.",16.64912459,49.23383836,126,6f447d58-4476-4ebf-833d-c7d96704d5a2,1853372.07151257,6314632.4162559
PU_PU_OM.30183954,10.02.2026 08:00,Ne,předzásobení,Brno,Bílovická,10.02.2026 14:00,"Odstávka z důvodu napojení provizorního zásobování.
Možnost předzásobení.",16.64923286,49.23376556,127,84487405-c666-4fcb-8aaf-cf7e38af3a9c,1853384.12407384,6314620.00525606
PU_PU_OM.30183954,10.02.2026 08:00,Ne,předzásobení,Brno,Bílovická,10.02.2026 14:00,"Odstávka z důvodu napojení provizorního zásobování.
Možnost předzásobení.",16.64906023,49.23359013,128,b338c664-cc52-4714-94df-c7298952a094,1853364.90699014,6314590.09789025
PU_PU_OM.30183954,10.02.2026 08:00,Ne,předzásobení,Brno,Bílovická,10.02.2026 14:00,"Odstávka z důvodu napojení provizorního zásobování.
Možnost předzásobení.",16.64906935,49.23357479,129,306b780b-7612-4dfa-8abf-8b2a5e658713,1853365.9222239,6314587.4827269
PU_PU_OM.30183954,10.02.2026 08:00,Ne,předzásobení,Brno,Bílovická,10.02.2026 14:00,"Odstávka z důvodu napojení provizorního zásobování.
Možnost předzásobení.",16.64933298,49.23355164,130,87f69a61-5011-451b-ac0a-bfcc06d50fc6,1853395.26938126,6314583.53611622
PU_PU_OM.30183954,10.02.2026 08:00,Ne,předzásobení,Brno,Bílovická,10.02.2026 14:00,"Odstávka z důvodu napojení provizorního zásobování.
Možnost předzásobení.",16.64912001,49.23348979,131,7798cb08-b8b4-497f-98a6-c71abf411ec1,1853371.5616693,6314572.99194081
PU_PU_OM.30183954,10.02.2026 08:00,Ne,předzásobení,Brno,Bílovická,10.02.2026 14:00,"Odstávka z důvodu napojení provizorního zásobování.
Možnost předzásobení.",16.64943821,49.2333666,132,501524c1-cc40-4926-bcf6-ed22897e59bb,1853406.98353127,6314551.99057403
PU_PU_OM.30183954,10.02.2026 08:00,Ne,předzásobení,Brno,Bílovická,10.02.2026 14:00,"Odstávka z důvodu napojení provizorního zásobování.
Možnost předzásobení.",16.64923323,49.23330845,133,646b52e2-c920-4cf2-8f18-acef399fbec4,1853384.16526205,6314542.07721063
PU_PU_OM.30183954,10.02.2026 08:00,Ne,předzásobení,Brno,Bílovická,10.02.2026 14:00,"Odstávka z důvodu napojení provizorního zásobování.
Možnost předzásobení.",16.6494916,49.23321513,134,4885d0ba-c9e1-48ce-9893-ff4b81400eb0,1853412.92687889,6314526.16811942
PU_PU_OM.30183954,10.02.2026 08:00,Ne,předzásobení,Brno,Bílovická,10.02.2026 14:00,"Odstávka z důvodu napojení provizorního zásobování.
Možnost předzásobení.",16.64933157,49.2331412,135,040b4df5-9a7d-4bc4-a141-e7e3af13dcca,1853395.11242077,6314513.56463547
PU_PU_OM.30183954,10.02.2026 08:00,Ne,předzásobení,Brno,Bílovická,10.02.2026 14:00,"Odstávka z důvodu napojení provizorního zásobování.
Možnost předzásobení.",16.6493424,49.23312624,136,ab1deead-4eed-4719-9952-8bae51ff03e8,1853396.31801086,6314511.01427769
PU_PU_OM.30183954,10.02.2026 08:00,Ne,předzásobení,Brno,Bílovická,10.02.2026 14:00,"Odstávka z důvodu napojení provizorního zásobování.
Možnost předzásobení.",16.64942367,49.23299299,137,0d0b8c19-f1ce-4284-a318-6e711e7afe5d,1853405.36494588,6314488.29805687
PU_PU_OM.30183954,10.02.2026 08:00,Ne,předzásobení,Brno,Bílovická,10.02.2026 14:00,"Odstávka z důvodu napojení provizorního zásobování.
Možnost předzásobení.",16.64960228,49.23298216,138,1dec9cd9-5df6-4275-9ffd-8e55af3f986a,1853425.24772013,6314486.4517806
PU_PU_OM.30183954,10.02.2026 08:00,Ne,předzásobení,Brno,Bílovická,10.02.2026 14:00,"Odstávka z důvodu napojení provizorního zásobování.
Možnost předzásobení.",16.64949213,49.23288697,139,e1cd287b-c9a6-4d40-84a7-43729ec43239,1853412.98587822,6314470.22400134
PU_PU_OM.30183954,10.02.2026 08:00,Ne,předzásobení,Brno,Bílovická,10.02.2026 14:00,"Odstávka z důvodu napojení provizorního zásobování.
Možnost předzásobení.",16.64952077,49.23283961,140,77f8612b-4034-4a61-bd24-b0c7b99bc8ac,1853416.17406843,6314462.15018563
PU_PU_OM.30183954,10.02.2026 08:00,Ne,předzásobení,Brno,Bílovická,10.02.2026 14:00,"Odstávka z důvodu napojení provizorního zásobování.
Možnost předzásobení.",16.64957748,49.23276257,141,b419f1e7-7b2c-431c-8e60-0b45feea9d41,1853422.48699676,6314449.01661344
PU_PU_OM.30183954,10.02.2026 08:00,Ne,předzásobení,Brno,Bílovická,10.02.2026 14:00,"Odstávka z důvodu napojení provizorního zásobování.
Možnost předzásobení.",16.64962038,49.23271548,142,3b0c8c1c-dbe1-4964-951b-38ed0f3c19cf,1853427.26260291,6314440.98884686
PU_PU_OM.30183954,10.02.2026 08:00,Ne,předzásobení,Brno,Bílovická,10.02.2026 14:00,"Odstávka z důvodu napojení provizorního zásobování.
Možnost předzásobení.",16.64967395,49.23266156,143,6864eeeb-b3db-4e7f-bdcc-030907c83456,1853433.22598803,6314431.7967311
PU_PU_OM.30183954,10.02.2026 08:00,Ne,předzásobení,Brno,Bílovická,10.02.2026 14:00,"Odstávka z důvodu napojení provizorního zásobování.
Možnost předzásobení.",16.64973003,49.23260093,144,0a46830d-2aa3-44be-9378-e606ddd5e1f9,1853439.46878508,6314421.46072715
PU_PU_OM.30183954,10.02.2026 08:00,Ne,předzásobení,Brno,Bílovická,10.02.2026 14:00,"Odstávka z důvodu napojení provizorního zásobování.
Možnost předzásobení.",16.64994062,49.23267295,145,2f560660-9a00-4a5a-9c38-8f92bdc2d069,1853462.91155664,6314433.73846243
PU_PU_OM.30183954,10.02.2026 08:00,Ne,předzásobení,Brno,Bílovická,10.02.2026 14:00,"Odstávka z důvodu napojení provizorního zásobování.
Možnost předzásobení.",16.64978011,49.23253277,146,f966fdb7-02e9-421e-ae50-69a44f121ef0,1853445.04366517,6314409.8410486
PU_PU_OM.30183954,10.02.2026 08:00,Ne,předzásobení,Brno,Bílovická,10.02.2026 14:00,"Odstávka z důvodu napojení provizorního zásobování.
Možnost předzásobení.",16.6498141,49.23251081,147,122c3445-3b34-4f3d-8f33-0c09ab8adf34,1853448.82741467,6314406.09738798
PU_PU_OM.30183954,10.02.2026 08:00,Ne,předzásobení,Brno,Bílovická,10.02.2026 14:00,"Odstávka z důvodu napojení provizorního zásobování.
Možnost předzásobení.",16.65007322,49.23250178,148,4944e6f2-4a85-4010-8490-e87a8a45b08f,1853477.67252112,6314404.55798703
PU_PU_OM.30183954,10.02.2026 08:00,Ne,předzásobení,Brno,Bílovická,10.02.2026 14:00,"Odstávka z důvodu napojení provizorního zásobování.
Možnost předzásobení.",16.65010522,49.23245946,149,7060eb9d-625a-44ef-8d08-c215d6a15fed,1853481.23474483,6314397.34343395
PU_PU_OM.30183954,10.02.2026 08:00,Ne,předzásobení,Brno,Bílovická,10.02.2026 14:00,"Odstávka z důvodu napojení provizorního zásobování.
Možnost předzásobení.",16.64999115,49.23231503,150,6bc8d769-e7bb-4477-aa83-79d8fb50f9e2,1853468.53653051,6314372.72160192
PU_PU_OM.30183954,10.02.2026 08:00,Ne,předzásobení,Brno,Bílovická,10.02.2026 14:00,"Odstávka z důvodu napojení provizorního zásobování.
Možnost předzásobení.",16.65014739,49.2323176,151,58191120-0f1b-4fe4-a38b-7baf591d316a,1853485.92908775,6314373.15972431
PU_PU_OM.30183954,10.02.2026 08:00,Ne,předzásobení,Brno,Bílovická,10.02.2026 14:00,"Odstávka z důvodu napojení provizorního zásobování.
Možnost předzásobení.",16.65023977,49.23218347,152,c821929b-f208-496f-a57d-043a51ad110e,1853496.21278231,6314350.29385717
PU_PU_OM.30183954,10.02.2026 08:00,Ne,předzásobení,Brno,Bílovická,10.02.2026 14:00,"Odstávka z důvodu napojení provizorního zásobování.
Možnost předzásobení.",16.65026614,49.23217058,153,02c84c1e-2ae7-4fd7-97b1-9c78e09032de,1853499.14827728,6314348.09643237
PU_PU_OM.30183954,10.02.2026 08:00,Ne,předzásobení,Brno,Bílovická,10.02.2026 14:00,"Odstávka z důvodu napojení provizorního zásobování.
Možnost předzásobení.",16.64999009,49.23204093,154,3facac46-2c34-431b-bbe5-2d45c79aba84,1853468.41853185,6314325.99435985
PU_PU_OM.30183954,10.02.2026 08:00,Ne,předzásobení,Brno,Bílovická,10.02.2026 14:00,"Odstávka z důvodu napojení provizorního zásobování.
Možnost předzásobení.",16.65037757,49.23204397,155,db1eeada-09ac-41f4-b828-47d60abf0dc4,1853511.55260814,6314326.51260292
PU_PU_OM.30183954,10.02.2026 08:00,Ne,předzásobení,Brno,Bílovická,10.02.2026 14:00,"Odstávka z důvodu napojení provizorního zásobování.
Možnost předzásobení.",16.65016173,49.23188988,156,0afb3626-8097-4f4e-9dbc-08b88b7abde1,1853487.52540925,6314300.24419735
PU_PU_OM.30183954,10.02.2026 08:00,Ne,předzásobení,Brno,Bílovická,10.02.2026 14:00,"Odstávka z důvodu napojení provizorního zásobování.
Možnost předzásobení.",16.64992596,49.23190661,157,30c64e55-3a97-49af-be8b-8c277b3be5cc,1853461.27961291,6314303.09623067
PU_PU_OM.30183954,10.02.2026 08:00,Ne,předzásobení,Brno,Bílovická,10.02.2026 14:00,"Odstávka z důvodu napojení provizorního zásobování.
Možnost předzásobení.",16.65013489,49.23161231,158,2d4949c4-fd17-4181-859a-db09a1e5039d,1853484.53759412,6314252.92581536
PU_PU_OM.30183954,10.02.2026 08:00,Ne,předzásobení,Brno,Bílovická,10.02.2026 14:00,"Odstávka z důvodu napojení provizorního zásobování.
Možnost předzásobení.",16.64998528,49.23159428,159,6220deaf-4177-4e4d-bda5-45fb18b23d88,1853467.8830851,6314249.85218394
PU_PU_OM.30183954,10.02.2026 08:00,Ne,předzásobení,Brno,Bílovická,10.02.2026 14:00,"Odstávka z důvodu napojení provizorního zásobování.
Možnost předzásobení.",16.6499046,49.23147251,160,bdaff677-8fe6-4f71-92df-844f612b9997,1853458.90182858,6314229.09369425
PU_PU_OM.30183954,10.02.2026 08:00,Ne,předzásobení,Brno,Bílovická,10.02.2026 14:00,"Odstávka z důvodu napojení provizorního zásobování.
Možnost předzásobení.",16.64979544,49.23140269,161,b92af8dc-3d7d-45a0-b391-03e02ae1ae7b,1853446.75019297,6314217.19129678
PU_PU_OM.30183954,10.02.2026 08:00,Ne,předzásobení,Brno,Bílovická,10.02.2026 14:00,"Odstávka z důvodu napojení provizorního zásobování.
Možnost předzásobení.",16.64972543,49.23143478,162,41b655de-2a06-463c-ac1b-f72fbf320243,1853438.95671542,6314222.66176067
PU_PU_OM.30183954,10.02.2026 08:00,Ne,předzásobení,Brno,Bílovická,10.02.2026 14:00,"Odstávka z důvodu napojení provizorního zásobování.
Možnost předzásobení.",16.64941811,49.23136297,163,f1089c81-d36a-4981-b400-8c8f340d8260,1853404.74600951,6314210.42013231
PU_PU_OM.30183954,10.02.2026 08:00,Ne,předzásobení,Brno,Bílovická,10.02.2026 14:00,"Odstávka z důvodu napojení provizorního zásobování.
Možnost předzásobení.",16.64762798,49.2334289,164,f896d83c-8cca-41cd-83ce-2dfc7e0ce5ce,1853205.46964945,6314562.61143891
PU_PU_OM.30183954,10.02.2026 08:00,Ne,předzásobení,Brno,Bílovická,10.02.2026 14:00,"Odstávka z důvodu napojení provizorního zásobování.
Možnost předzásobení.",16.64748047,49.23327332,165,2b4c62aa-baa5-492e-8bd9-f6c81554756f,1853189.04891137,6314536.08828324
PU_PU_OM.30183954,10.02.2026 08:00,Ne,předzásobení,Brno,Bílovická,10.02.2026 14:00,"Odstávka z důvodu napojení provizorního zásobování.
Možnost předzásobení.",16.64772165,49.23337047,166,cfa30ff7-16ba-4fa3-aee5-08734d7b8ff3,1853215.89694616,6314552.6503288
PU_PU_OM.30183954,10.02.2026 08:00,Ne,předzásobení,Brno,Bílovická,10.02.2026 14:00,"Odstávka z důvodu napojení provizorního zásobování.
Možnost předzásobení.",16.64779557,49.23332361,167,37b4e61f-8620-4088-897d-44a668304935,1853224.12568292,6314544.66167363
PU_PU_OM.30183954,10.02.2026 08:00,Ne,předzásobení,Brno,Bílovická,10.02.2026 14:00,"Odstávka z důvodu napojení provizorního zásobování.
Možnost předzásobení.",16.64768335,49.23313448,168,df16a9af-fde0-4140-befe-3b7990ca8653,1853211.63340966,6314512.41902012
PU_PU_OM.30183954,10.02.2026 08:00,Ne,předzásobení,Brno,Bílovická,10.02.2026 14:00,"Odstávka z důvodu napojení provizorního zásobování.
Možnost předzásobení.",16.64781332,49.23304654,169,225e58f6-4eb5-41ee-bdad-3fa03ec2c8a9,1853226.10160388,6314497.42715739
PU_PU_OM.30183954,10.02.2026 08:00,Ne,předzásobení,Brno,Bílovická,10.02.2026 14:00,"Odstávka z důvodu napojení provizorního zásobování.
Možnost předzásobení.",16.64809913,49.23314028,170,7b15a846-fdfb-4999-a99a-07bd25c875fa,1853257.91782754,6314513.40779526
PU_PU_OM.30183954,10.02.2026 08:00,Ne,předzásobení,Brno,Bílovická,10.02.2026 14:00,"Odstávka z důvodu napojení provizorního zásobování.
Možnost předzásobení.",16.64790262,49.23298512,171,3fa4f963-b8b0-402d-aa7b-5f7aa56d5ed3,1853236.0424344,6314486.95639531
PU_PU_OM.30183954,10.02.2026 08:00,Ne,předzásobení,Brno,Bílovická,10.02.2026 14:00,"Odstávka z důvodu napojení provizorního zásobování.
Možnost předzásobení.",16.6481634,49.23310224,172,7209b50e-6aee-463d-b72a-9deda17209b5,1853265.07233121,6314506.92279625
PU_PU_OM.30183954,10.02.2026 08:00,Ne,předzásobení,Brno,Bílovická,10.02.2026 14:00,"Odstávka z důvodu napojení provizorního zásobování.
Možnost předzásobení.",16.6482154,49.23306066,173,c9a5f394-619f-4c70-bf40-1e72043d8447,1853270.86094474,6314499.83430935
PU_PU_OM.30183954,10.02.2026 08:00,Ne,předzásobení,Brno,Bílovická,10.02.2026 14:00,"Odstávka z důvodu napojení provizorního zásobování.
Možnost předzásobení.",16.64807647,49.23286505,174,fe777701-2243-42bf-80f1-06b8da27ed4f,1853255.39532788,6314466.48713297
PU_PU_OM.30183954,10.02.2026 08:00,Ne,předzásobení,Brno,Bílovická,10.02.2026 14:00,"Odstávka z důvodu napojení provizorního zásobování.
Možnost předzásobení.",16.64839523,49.23293304,175,a8caf069-739c-4499-86dc-368c4439581f,1853290.87952876,6314478.07790846
PU_PU_OM.30183954,10.02.2026 08:00,Ne,předzásobení,Brno,Bílovická,10.02.2026 14:00,"Odstávka z důvodu napojení provizorního zásobování.
Možnost předzásobení.",16.64820751,49.2327805,176,04e1acce-1d0c-4cbb-b002-a7582e469f73,1853269.98263395,6314452.07326983
PU_PU_OM.30183954,10.02.2026 08:00,Ne,předzásobení,Brno,Bílovická,10.02.2026 14:00,"Odstávka z důvodu napojení provizorního zásobování.
Možnost předzásobení.",16.64850878,49.23283604,177,960ed8db-aacf-46f6-a9db-3fd4f05b0dd5,1853303.51985694,6314461.54158117
PU_PU_OM.30183954,10.02.2026 08:00,Ne,předzásobení,Brno,Bílovická,10.02.2026 14:00,"Odstávka z důvodu napojení provizorního zásobování.
Možnost předzásobení.",16.64834339,49.23266333,178,44ed80f1-c0ff-4fd4-b7e2-4f20bc545e18,1853285.10872636,6314432.0984751
PU_PU_OM.30183954,10.02.2026 08:00,Ne,předzásobení,Brno,Bílovická,10.02.2026 14:00,"Odstávka z důvodu napojení provizorního zásobování.
Možnost předzásobení.",16.64866709,49.23269739,179,2d359ce0-bfc6-473d-a495-43a7653dd381,1853321.14284553,6314437.90491818
PU_PU_OM.30183954,10.02.2026 08:00,Ne,předzásobení,Brno,Bílovická,10.02.2026 14:00,"Odstávka z důvodu napojení provizorního zásobování.
Možnost předzásobení.",16.64883967,49.23265946,180,0f05603e-7ec2-4204-bd40-499800cae751,1853340.35436325,6314431.43872976
PU_PU_OM.30183954,10.02.2026 08:00,Ne,předzásobení,Brno,Bílovická,10.02.2026 14:00,"Odstávka z důvodu napojení provizorního zásobování.
Možnost předzásobení.",16.64854028,49.23251932,181,1ce8aafd-5705-4171-8449-0329b840eb4b,1853307.0264209,6314407.54814151
PU_PU_OM.30183954,10.02.2026 08:00,Ne,předzásobení,Brno,Bílovická,10.02.2026 14:00,"Odstávka z důvodu napojení provizorního zásobování.
Možnost předzásobení.",16.6488533,49.23255638,182,72eb94cc-efe6-431c-a057-ceddab692e66,1853341.87164791,6314413.86599706
PU_PU_OM.30183954,10.02.2026 08:00,Ne,předzásobení,Brno,Bílovická,10.02.2026 14:00,"Odstávka z důvodu napojení provizorního zásobování.
Možnost předzásobení.",16.64861377,49.23244401,183,c667d09a-5af4-4b0b-af47-117dcfdc3f3f,1853315.20729028,6314394.70957809
PU_PU_OM.30183954,10.02.2026 08:00,Ne,předzásobení,Brno,Bílovická,10.02.2026 14:00,"Odstávka z důvodu napojení provizorního zásobování.
Možnost předzásobení.",16.6489228,49.23247464,184,7895a233-df4f-45e4-af3e-a543351737bd,1853349.60835252,6314399.93126206
PU_PU_OM.30183954,10.02.2026 08:00,Ne,předzásobení,Brno,Bílovická,10.02.2026 14:00,"Odstávka z důvodu napojení provizorního zásobování.
Možnost předzásobení.",16.64671726,49.23414752,185,92b7c002-78e6-4fee-9f8f-4a37a4675489,1853104.0887628,6314685.12229361
PU_PU_OM.30183954,10.02.2026 08:00,Ne,předzásobení,Brno,Bílovická,10.02.2026 14:00,"Odstávka z důvodu napojení provizorního zásobování.
Možnost předzásobení.",16.64652966,49.23403496,186,b1717ab5-b72b-4241-b8a4-488dcb9fead6,1853083.20522633,6314665.93286609
PU_PU_OM.30183954,10.02.2026 08:00,Ne,předzásobení,Brno,Bílovická,10.02.2026 14:00,"Odstávka z důvodu napojení provizorního zásobování.
Možnost předzásobení.",16.64655547,49.23400916,187,696755aa-1bd5-43df-89f2-2e57da41df8f,1853086.07838238,6314661.5344427
PU_PU_OM.30183954,10.02.2026 08:00,Ne,předzásobení,Brno,Bílovická,10.02.2026 14:00,"Odstávka z důvodu napojení provizorního zásobování.
Možnost předzásobení.",16.64690501,49.23398953,188,385bdbcf-c001-4967-b483-c2d381363ad1,1853124.98899719,6314658.18789188
PU_PU_OM.30183954,10.02.2026 08:00,Ne,předzásobení,Brno,Bílovická,10.02.2026 14:00,"Odstávka z důvodu napojení provizorního zásobování.
Možnost předzásobení.",16.64682023,49.23381396,189,a99b20af-6453-476d-ba9c-3514b6db1f22,1853115.55133077,6314628.25652315
PU_PU_OM.30183954,10.02.2026 08:00,Ne,předzásobení,Brno,Bílovická,10.02.2026 14:00,"Odstávka z důvodu napojení provizorního zásobování.
Možnost předzásobení.",16.64704388,49.23386848,190,35b98804-ff25-4264-86d0-27d14369e044,1853140.44793488,6314637.55114195
PU_PU_OM.30183954,10.02.2026 08:00,Ne,předzásobení,Brno,Bílovická,10.02.2026 14:00,"Odstávka z důvodu napojení provizorního zásobování.
Možnost předzásobení.",16.64688937,49.23372149,191,d9433296-3428-416f-aa73-fcc041850efc,1853123.24796036,6314612.49217755
PU_PU_OM.30183954,10.02.2026 08:00,Ne,předzásobení,Brno,Bílovická,10.02.2026 14:00,"Odstávka z důvodu napojení provizorního zásobování.
Možnost předzásobení.",16.64701492,49.23361526,192,d1423e82-a353-4478-b0fd-8529e815036a,1853137.22412243,6314594.38205464
PU_PU_OM.30183954,10.02.2026 08:00,Ne,předzásobení,Brno,Bílovická,10.02.2026 14:00,"Odstávka z důvodu napojení provizorního zásobování.
Možnost předzásobení.",16.64708067,49.23355822,193,cafe9bdd-335d-44b6-8d59-25fe3fc4bd14,1853144.54337895,6314584.65787405
PU_PU_OM.30183954,10.02.2026 08:00,Ne,předzásobení,Brno,Bílovická,10.02.2026 14:00,"Odstávka z důvodu napojení provizorního zásobování.
Možnost předzásobení.",16.64729454,49.23366183,194,8f5a3d50-b66d-4c5b-acd8-2dee78a5b8bc,1853168.35127844,6314602.3213177
PU_PU_OM.30183954,10.02.2026 08:00,Ne,předzásobení,Brno,Bílovická,10.02.2026 14:00,"Odstávka z důvodu napojení provizorního zásobování.
Možnost předzásobení.",16.64717494,49.23348732,195,08f927ef-565b-4fc2-b9cb-80d65be23cef,1853155.03746734,6314572.57085599
PU_PU_OM.30183954,10.02.2026 08:00,Ne,předzásobení,Brno,Bílovická,10.02.2026 14:00,"Odstávka z důvodu napojení provizorního zásobování.
Možnost předzásobení.",16.64737886,49.23359404,196,c5386614-078b-4343-acf2-c06f03881f54,1853177.73773791,6314590.76446721
PU_PU_OM.30183954,10.02.2026 08:00,Ne,předzásobení,Brno,Bílovická,10.02.2026 14:00,"Odstávka z důvodu napojení provizorního zásobování.
Možnost předzásobení.",16.64745783,49.23354186,197,fc46d617-15c7-48c2-ad13-0e53907b6b83,1853186.5286381,6314581.86882293
PU_PU_OM.30183954,10.02.2026 08:00,Ne,předzásobení,Brno,Bílovická,10.02.2026 14:00,"Odstávka z důvodu napojení provizorního zásobování.
Možnost předzásobení.",16.64754138,49.23348676,198,e5cb792f-59c9-4d70-8aad-c637a354a348,1853195.82938155,6314572.47538737
PU_PU_OM.30183954,10.02.2026 08:00,Ne,předzásobení,Brno,Bílovická,10.02.2026 14:00,"Odstávka z důvodu napojení provizorního zásobování.
Možnost předzásobení.",16.64901564,49.23238507,199,8a45a69b-8bac-4d25-94a1-9fbf231836f4,1853359.94325405,6314384.66172389
PU_PU_OM.30183954,10.02.2026 08:00,Ne,předzásobení,Brno,Bílovická,10.02.2026 14:00,"Odstávka z důvodu napojení provizorního zásobování.
Možnost předzásobení.",16.64916116,49.23226855,200,199ef5b7-4791-4ccd-aa2b-d52e6df3af19,1853376.14246635,6314364.79789811
PU_PU_OM.30183954,10.02.2026 08:00,Ne,předzásobení,Brno,Bílovická,10.02.2026 14:00,"Odstávka z důvodu napojení provizorního zásobování.
Možnost předzásobení.",16.64925575,49.23211908,201,2a9c3b59-afa8-4f38-8725-a2df8bf52149,1853386.67217698,6314339.31696738
PU_PU_OM.30183954,10.02.2026 08:00,Ne,předzásobení,Brno,Bílovická,10.02.2026 14:00,"Odstávka z důvodu napojení provizorního zásobování.
Možnost předzásobení.",16.64930069,49.23204979,202,15ad2342-72ad-49ca-a117-13e1a6451571,1853391.6748749,6314327.50476574
PU_PU_OM.30183954,10.02.2026 08:00,Ne,předzásobení,Brno,Bílovická,10.02.2026 14:00,"Odstávka z důvodu napojení provizorního zásobování.
Možnost předzásobení.",16.64935257,49.23182784,203,37d6542d-487a-45f0-bf95-cd352c2e88bc,1853397.45013008,6314289.66798658
PU_PU_OM.30183954,10.02.2026 08:00,Ne,předzásobení,Brno,Bílovická,10.02.2026 14:00,"Odstávka z důvodu napojení provizorního zásobování.
Možnost předzásobení.",16.64935627,49.23173335,204,923fe747-c8a0-438f-824d-3996d05ebd5e,1853397.8620122,6314273.55991805
PU_PU_OM.30183954,10.02.2026 08:00,Ne,předzásobení,Brno,Bílovická,10.02.2026 14:00,"Odstávka z důvodu napojení provizorního zásobování.
Možnost předzásobení.",16.64643112,49.23411656,205,2d4127c2-f472-4a6c-ba86-cf50b202fd7b,1853072.2358037,6314679.84417379
PU_PU_OM.30183954,10.02.2026 08:00,Ne,předzásobení,Brno,Bílovická,10.02.2026 14:00,"Odstávka z důvodu napojení provizorního zásobování.
Možnost předzásobení.",16.64900533,49.23018093,206,0d021d87-29c1-4e6f-b9e6-f95ad2e4fe43,1853358.7955501,6314008.91740622
PU_PU_OM.30183954,10.02.2026 08:00,Ne,předzásobení,Brno,Bílovická,10.02.2026 14:00,"Odstávka z důvodu napojení provizorního zásobování.
Možnost předzásobení.",16.64968191,49.23017525,207,ed132765-25f9-4f01-a550-0ca7dbe8ce9d,1853434.11209118,6314007.9491465
PU_PU_OM.30183954,10.02.2026 08:00,Ne,předzásobení,Brno,Bílovická,10.02.2026 14:00,"Odstávka z důvodu napojení provizorního zásobování.
Možnost předzásobení.",16.64990651,49.23005532,208,fdb93046-bbe8-4834-9516-a3c239fbdbed,1853459.11444881,6313987.50491388
PU_PU_OM.30183912,10.02.2026 08:00,Ne,předzásobení,Kuřim,Na Loučkách,10.02.2026 10:00,"Odstávka z důvodu udržovacích prací vod.řadu.
Možnost předzásobení.",16.53843994,49.29999232,209,c251019b-9035-4bc6-bd1a-ba9808a5ef39,1841050.71263594,6325917.96352214
PU_PU_OM.30184356,01.02.2026 03:37,Ano,cisterna,Brno,Živného,01.02.2026 15:00,Cisterna bude přistavena:,16.52820613,49.22515991,210,fc28e9fd-db44-43e1-9a73-64223f6a223a,1839911.49011786,6313153.03629715
PU_PU_OM.30184273,13.02.2026 08:00,Ne,předzásobení,Brno,Podstránská,13.02.2026 12:00,"Odstávka z důvodu propoje vod.řadu.
Možnost předzásobení. ",16.66784808,49.18816358,211,f9481097-45dc-48bf-b303-d692813137bb,1855456.36088524,6306849.33588491
PU_PU_OM.30184336,31.01.2026 12:26,Ano,cisterna,Brno,Podstránská,31.01.2026 19:00,Cisterna: Podstránská 110,16.6693649,49.18902149,212,0722a24e-6b8b-4105-a0e5-a8c43f71d615,1855625.21251527,6306995.45935041
PU_PU_OM.30183954,10.02.2026 08:00,Ne,předzásobení,Brno,Bílovická,10.02.2026 14:00,"Odstávka z důvodu napojení provizorního zásobování.
Možnost předzásobení.",16.65007635,49.2321215,213,7b530eae-5b5c-4172-b6f9-f1ae6ccf6386,1853478.02095113,6314339.7295168
PU_PU_OM.30184376,02.02.2026 01:38,Ano,cisterna,Brno,V rejích,02.02.2026 15:00,Cisterna bude přistavena:,16.65486262,49.1393917,214,511f61ef-0456-4b27-98c8-5b9ee3bfd7b5,1854010.82609033,6298546.43119496
PU_PU_OM.30184335,30.01.2026 22:39,Ano,cisterna,Brno,Jandáskova,31.01.2026 15:00,Cisterna bude přistavena: Jandáskova 48/50,16.59332809,49.25707015,215,8de1220c-e26c-4167-8df2-74c5a99cfe3a,1847160.83354452,6318593.92429146
PU_PU_OM.30184335,30.01.2026 22:39,Ano,cisterna,Brno,Jandáskova,31.01.2026 15:00,Cisterna bude přistavena: Jandáskova 48/50,16.59438607,49.25742875,216,246ca797-cf2e-4abd-b978-20f3bbd4b58c,1847278.60733939,6318655.0877321
PU_PU_OM.30184335,30.01.2026 22:39,Ano,cisterna,Brno,Jandáskova,31.01.2026 15:00,Cisterna bude přistavena: Jandáskova 48/50,16.59367129,49.25706951,217,5948c3d1-01df-44c2-b3ac-e2e43b0f2af5,1847199.03839376,6318593.81513234
PU_PU_OM.30184335,30.01.2026 22:39,Ano,cisterna,Brno,Jandáskova,31.01.2026 15:00,Cisterna bude přistavena: Jandáskova 48/50,16.59338165,49.25705559,218,8a99b4b7-5ffc-4838-826e-b01eaf4afb04,1847166.79581645,6318591.44092189
PU_PU_OM.30184273,13.02.2026 08:00,Ne,předzásobení,Brno,Podstránská,13.02.2026 12:00,"Odstávka z důvodu propoje vod.řadu.
Možnost předzásobení. ",16.6678713,49.18813722,219,36b294b7-e1e1-48a2-b0d9-7cc8fc4f7346,1855458.94572382,6306844.84615973
PU_PU_OM.30184273,13.02.2026 08:00,Ne,předzásobení,Brno,Podstránská,13.02.2026 12:00,"Odstávka z důvodu propoje vod.řadu.
Možnost předzásobení. ",16.66758814,49.1879677,220,d3f401bc-2968-4bfb-987a-b14ccd3bdb6a,1855427.42449681,6306815.97299181
PU_PU_OM.30184273,13.02.2026 08:00,Ne,předzásobení,Brno,Podstránská,13.02.2026 12:00,"Odstávka z důvodu propoje vod.řadu.
Možnost předzásobení. ",16.66766502,49.18800554,221,c269dab2-59bc-4d8b-bc57-d2510b0e0cd1,1855435.98273926,6306822.41800845
PU_PU_OM.30184273,13.02.2026 08:00,Ne,předzásobení,Brno,Podstránská,13.02.2026 12:00,"Odstávka z důvodu propoje vod.řadu.
Možnost předzásobení. ",16.66769728,49.18801931,222,1a935081-826a-4843-ae71-4ba847c883a5,1855439.57390603,6306824.76335531
PU_PU_OM.30184273,13.02.2026 08:00,Ne,předzásobení,Brno,Podstránská,13.02.2026 12:00,"Odstávka z důvodu propoje vod.řadu.
Možnost předzásobení. ",16.66780552,49.1881119,223,00245f12-6aa2-4eb5-b198-0f7638822465,1855451.62312771,6306840.53357315
PU_PU_OM.30184273,13.02.2026 08:00,Ne,předzásobení,Brno,Podstránská,13.02.2026 12:00,"Odstávka z důvodu propoje vod.řadu.
Možnost předzásobení. ",16.66777164,49.18805366,224,e84e46dd-033a-45a5-b926-d5e275ba1d75,1855447.85162337,6306830.6139511
PU_PU_OM.30184273,13.02.2026 08:00,Ne,předzásobení,Brno,Podstránská,13.02.2026 12:00,"Odstávka z důvodu propoje vod.řadu.
Možnost předzásobení. ",16.66797196,49.18817483,225,d8909c1c-dae6-4ef1-a3f4-1230316a860d,1855470.15114376,6306851.25202404
PU_PU_OM.30184273,13.02.2026 08:00,Ne,předzásobení,Brno,Podstránská,13.02.2026 12:00,"Odstávka z důvodu propoje vod.řadu.
Možnost předzásobení. ",16.66810331,49.18821453,226,cb791fd1-f850-4900-a996-8f8989fce630,1855484.77295888,6306858.01386961
PU_PU_OM.30184273,13.02.2026 08:00,Ne,předzásobení,Brno,Podstránská,13.02.2026 12:00,"Odstávka z důvodu propoje vod.řadu.
Možnost předzásobení. ",16.66814603,49.18822877,227,44b82844-69f0-4868-9b58-754457ba6924,1855489.52852752,6306860.43927851
PU_PU_OM.30184273,13.02.2026 08:00,Ne,předzásobení,Brno,Podstránská,13.02.2026 12:00,"Odstávka z důvodu propoje vod.řadu.
Možnost předzásobení. ",16.66824418,49.18825524,228,1acd2223-ff50-4908-8ae1-edc5c6fb9569,1855500.45453555,6306864.94774761
PU_PU_OM.30184273,13.02.2026 08:00,Ne,předzásobení,Brno,Podstránská,13.02.2026 12:00,"Odstávka z důvodu propoje vod.řadu.
Možnost předzásobení. ",16.66836828,49.18829225,229,20588583-3058-4878-9922-b5f6c84c1812,1855514.26928435,6306871.25143286
PU_PU_OM.30183954,10.02.2026 08:00,Ne,předzásobení,Brno,Bílovická,10.02.2026 14:00,"Odstávka z důvodu napojení provizorního zásobování.
Možnost předzásobení.",16.6504535,49.231227,230,dc9fc569-c53f-4c8d-9fd9-10c8e698a59a,1853520.00509708,6314187.24103876
PU_PU_OM.30183954,10.02.2026 08:00,Ne,předzásobení,Brno,Bílovická,10.02.2026 14:00,"Odstávka z důvodu napojení provizorního zásobování.
Možnost předzásobení.",16.64978137,49.23280445,231,dc0caecd-7d60-4d24-b4a2-d7a4796ea5d8,1853445.18392773,6314456.15620077
PU_PU_OM.30183954,10.02.2026 08:00,Ne,předzásobení,Brno,Bílovická,10.02.2026 14:00,"Odstávka z důvodu napojení provizorního zásobování.
Možnost předzásobení.",16.64669924,49.23389683,232,7f53f18f-8507-440f-8a97-0011c2afbc62,1853102.08278557,6314642.38427959
PU_PU_OM.30183954,10.02.2026 08:00,Ne,předzásobení,Brno,Bílovická,10.02.2026 14:00,"Odstávka z důvodu napojení provizorního zásobování.
Možnost předzásobení.",16.64676235,49.23384151,233,accd935b-7094-49a0-b8e7-7a19db069d0b,1853109.10815864,6314632.95327073
PU_PU_OM.30183954,10.02.2026 08:00,Ne,předzásobení,Brno,Bílovická,10.02.2026 14:00,"Odstávka z důvodu napojení provizorního zásobování.
Možnost předzásobení.",16.64669082,49.23392602,234,c45b0c20-ab9a-4e25-b204-4e1ddc195547,1853101.14547546,6314647.36062421
PU_PU_OM.30183954,10.02.2026 08:00,Ne,předzásobení,Brno,Bílovická,10.02.2026 14:00,"Odstávka z důvodu napojení provizorního zásobování.
Možnost předzásobení.",16.64876597,49.23214845,235,4a84f4f2-820a-4f0c-a827-dd39ac7dd774,1853332.15011678,6314344.32381843
PU_PU_OM.30183954,10.02.2026 08:00,Ne,předzásobení,Brno,Bílovická,10.02.2026 14:00,"Odstávka z důvodu napojení provizorního zásobování.
Možnost předzásobení.",16.65123081,49.23048355,236,132bc501-3d33-4012-9e12-572adef92a76,1853606.53485047,6314060.5046725
PU_PU_OM.30183954,10.02.2026 08:00,Ne,předzásobení,Brno,Bílovická,10.02.2026 14:00,"Odstávka z důvodu napojení provizorního zásobování.
Možnost předzásobení.",16.64867949,49.23225624,237,73940529-69e5-4c3e-a7a8-56d183abd0a8,1853322.52320722,6314362.69934527
PU_PU_OM.30183954,10.02.2026 08:00,Ne,předzásobení,Brno,Bílovická,10.02.2026 14:00,"Odstávka z důvodu napojení provizorního zásobování.
Možnost předzásobení.",16.650347,49.23147864,238,f995d88f-8849-4903-9bdc-70abd06b4256,1853508.14957131,6314230.13869214
PU_PU_OM.30183954,10.02.2026 08:00,Ne,předzásobení,Brno,Bílovická,10.02.2026 14:00,"Odstávka z důvodu napojení provizorního zásobování.
Možnost předzásobení.",16.650119,49.23237104,239,fd07f576-5d3d-41a9-9e24-ff4b5d373931,1853482.76872741,6314382.26994768
PU_PU_OM.30183954,10.02.2026 08:00,Ne,předzásobení,Brno,Bílovická,10.02.2026 14:00,"Odstávka z důvodu napojení provizorního zásobování.
Možnost předzásobení.",16.64939551,49.23344642,240,d2a9f779-b6a4-4e25-a3f1-352a5d5ee2d3,1853402.23018902,6314565.59823992
PU_PU_OM.30183954,10.02.2026 08:00,Ne,předzásobení,Brno,Bílovická,10.02.2026 14:00,"Odstávka z důvodu napojení provizorního zásobování.
Možnost předzásobení.",16.64974646,49.23285222,241,b02dd325-10f0-4849-ac00-f9605483fbb8,1853441.29776431,6314464.2999065
PU_PU_OM.30183954,10.02.2026 08:00,Ne,předzásobení,Brno,Bílovická,10.02.2026 14:00,"Odstávka z důvodu napojení provizorního zásobování.
Možnost předzásobení.",16.64998644,49.23195521,242,9912809a-a368-43d4-94ee-8e050cf70989,1853468.01221571,6314311.38128213
PU_PU_OM.30183954,10.02.2026 08:00,Ne,předzásobení,Brno,Bílovická,10.02.2026 14:00,"Odstávka z důvodu napojení provizorního zásobování.
Možnost předzásobení.",16.64954529,49.23141184,243,ecf372cb-edce-48f4-9cce-b35897d0d3fe,1853418.90362235,6314218.75112018
PU_PU_OM.30183954,10.02.2026 08:00,Ne,předzásobení,Brno,Bílovická,10.02.2026 14:00,"Odstávka z důvodu napojení provizorního zásobování.
Možnost předzásobení.",16.64803929,49.23318228,244,8073f37d-947c-46db-be9d-4830a7fbf40e,1853251.25646921,6314520.56789461
PU_PU_OM.30183954,10.02.2026 08:00,Ne,předzásobení,Brno,Bílovická,10.02.2026 14:00,"Odstávka z důvodu napojení provizorního zásobování.
Možnost předzásobení.",16.64715492,49.23378218,245,3d664d9c-deda-4192-bc79-4265496d1f5b,1853152.80885114,6314622.8386448
PU_PU_OM.30183954,10.02.2026 08:00,Ne,předzásobení,Brno,Bílovická,10.02.2026 14:00,"Odstávka z důvodu napojení provizorního zásobování.
Možnost předzásobení.",16.64794422,49.23322806,246,c282edba-f343-4631-aedd-4d0332af08ea,1853240.67332522,6314528.37240984
PU_PU_OM.30183954,10.02.2026 08:00,Ne,předzásobení,Brno,Bílovická,10.02.2026 14:00,"Odstávka z důvodu napojení provizorního zásobování.
Možnost předzásobení.",16.65059511,49.23175538,247,ad7724d5-27f0-4d55-9646-70bfd8c1f13a,1853535.76905017,6314277.31545291
PU_PU_OM.30183954,10.02.2026 08:00,Ne,předzásobení,Brno,Bílovická,10.02.2026 14:00,"Odstávka z důvodu napojení provizorního zásobování.
Možnost předzásobení.",16.65112326,49.23051953,248,6ba90a60-5a35-4409-b8c9-a878d16c389f,1853594.56243923,6314066.63816071
PU_PU_OM.30183954,10.02.2026 08:00,Ne,předzásobení,Brno,Bílovická,10.02.2026 14:00,"Odstávka z důvodu napojení provizorního zásobování.
Možnost předzásobení.",16.6505388,49.23164447,249,e52c7807-36b6-4d5e-9e17-6208f6c7ae01,1853529.50064964,6314258.4082356
PU_PU_OM.30183954,10.02.2026 08:00,Ne,předzásobení,Brno,Bílovická,10.02.2026 14:00,"Odstávka z důvodu napojení provizorního zásobování.
Možnost předzásobení.",16.65050331,49.23151581,250,bd0a9b55-244f-4c4e-8300-3748eaadfad3,1853525.54992092,6314236.47516661
PU_PU_OM.30183954,10.02.2026 08:00,Ne,předzásobení,Brno,Bílovická,10.02.2026 14:00,"Odstávka z důvodu napojení provizorního zásobování.
Možnost předzásobení.",16.65032173,49.23129275,251,1eb606c5-d774-4288-ac6f-930401225927,1853505.33652778,6314198.44957239
PU_PU_OM.30183954,10.02.2026 08:00,Ne,předzásobení,Brno,Bílovická,10.02.2026 14:00,"Odstávka z důvodu napojení provizorního zásobování.
Možnost předzásobení.",16.65033062,49.23106198,252,fc195080-1190-435e-8242-ef51f38065a0,1853506.32615805,6314159.10981595
PU_PU_OM.30183954,10.02.2026 08:00,Ne,předzásobení,Brno,Bílovická,10.02.2026 14:00,"Odstávka z důvodu napojení provizorního zásobování.
Možnost předzásobení.",16.65068264,49.23082125,253,46ff4b36-1ca8-4d95-8a03-0fae0ad5ef11,1853545.5128452,6314118.07235712
PU_PU_OM.30183954,10.02.2026 08:00,Ne,předzásobení,Brno,Bílovická,10.02.2026 14:00,"Odstávka z důvodu napojení provizorního zásobování.
Možnost předzásobení.",16.65082772,49.2318661,254,0d0d4a0c-ac85-477e-83ca-6b05373cacdd,1853561.66307692,6314296.1903226
PU_PU_OM.30183954,10.02.2026 08:00,Ne,předzásobení,Brno,Bílovická,10.02.2026 14:00,"Odstávka z důvodu napojení provizorního zásobování.
Možnost předzásobení.",16.65106511,49.23217396,255,56179ddd-7d99-4bd5-bb4b-65404cbbf3f0,1853588.08921084,6314348.67263835
PU_PU_OM.30183954,10.02.2026 08:00,Ne,předzásobení,Brno,Bílovická,10.02.2026 14:00,"Odstávka z důvodu napojení provizorního zásobování.
Možnost předzásobení.",16.65144198,49.23231789,256,4d2c85bc-640b-4eea-88e8-df272ae36cfd,1853630.04218734,6314373.20916225
PU_PU_OM.30183954,10.02.2026 08:00,Ne,předzásobení,Brno,Bílovická,10.02.2026 14:00,"Odstávka z důvodu napojení provizorního zásobování.
Možnost předzásobení.",16.65174562,49.23246688,257,17fa8882-5dbc-4f28-89d5-90feeeeddef6,1853663.84323752,6314398.60836696
PU_PU_OM.30183954,10.02.2026 08:00,Ne,předzásobení,Brno,Bílovická,10.02.2026 14:00,"Odstávka z důvodu napojení provizorního zásobování.
Možnost předzásobení.",16.65211788,49.23256582,258,b4b7e664-5502-4d9f-9eb0-087e2dc494ba,1853705.28303117,6314415.47529508
PU_PU_OM.30183954,10.02.2026 08:00,Ne,předzásobení,Brno,Bílovická,10.02.2026 14:00,"Odstávka z důvodu napojení provizorního zásobování.
Možnost předzásobení.",16.6524402,49.23265083,259,f2048290-9f03-4520-bd2f-5a365888e44d,1853741.16352944,6314429.9675149
PU_PU_OM.30183954,10.02.2026 08:00,Ne,předzásobení,Brno,Bílovická,10.02.2026 14:00,"Odstávka z důvodu napojení provizorního zásobování.
Možnost předzásobení.",16.65291921,49.23275943,260,dd18fda1-0f09-46a1-a522-5c1e39aa7f8c,1853794.48667872,6314448.48131512
PU_PU_OM.30183954,10.02.2026 08:00,Ne,předzásobení,Brno,Bílovická,10.02.2026 14:00,"Odstávka z důvodu napojení provizorního zásobování.
Možnost předzásobení.",16.64924289,49.23367102,261,0baf5e89-b201-46c5-ba87-3e655c8d00a0,1853385.24060833,6314603.88803165
PU_PU_OM.30183954,10.02.2026 08:00,Ne,předzásobení,Brno,Bílovická,10.02.2026 14:00,"Odstávka z důvodu napojení provizorního zásobování.
Možnost předzásobení.",16.64930723,49.2335914,262,eea27b15-fe37-430a-ba42-bb8c32cd1d6a,1853392.40290437,6314590.31439989
PU_PU_OM.30183954,10.02.2026 08:00,Ne,předzásobení,Brno,Bílovická,10.02.2026 14:00,"Odstávka z důvodu napojení provizorního zásobování.
Možnost předzásobení.",16.64919533,49.23336345,263,ec02498b-0ff4-437f-8c41-b6b23a6561dc,1853379.94625335,6314551.45356436
PU_PU_OM.30183954,10.02.2026 08:00,Ne,předzásobení,Brno,Bílovická,10.02.2026 14:00,"Odstávka z důvodu napojení provizorního zásobování.
Možnost předzásobení.",16.64944471,49.23329182,264,cdd9a7bc-4730-420e-a24f-26ef4dca7bd2,1853407.70710796,6314539.24214428
PU_PU_OM.30183954,10.02.2026 08:00,Ne,předzásobení,Brno,Bílovická,10.02.2026 14:00,"Odstávka z důvodu napojení provizorního zásobování.
Možnost předzásobení.",16.64950709,49.23319707,265,94bb9847-c335-4f46-83a8-302756755a44,1853414.6512178,6314523.0892739
PU_PU_OM.30183954,10.02.2026 08:00,Ne,předzásobení,Brno,Bílovická,10.02.2026 14:00,"Odstávka z důvodu napojení provizorního zásobování.
Možnost předzásobení.",16.64957899,49.2330825,266,a3f38535-083c-4f34-9721-3e6120b099d6,1853422.65508919,6314503.55755425
PU_PU_OM.30183954,10.02.2026 08:00,Ne,předzásobení,Brno,Bílovická,10.02.2026 14:00,"Odstávka z důvodu napojení provizorního zásobování.
Možnost předzásobení.",16.64965144,49.23295674,267,52a77f00-a424-405a-8960-fad8b096dcb8,1853430.72018629,6314482.11823253
PU_PU_OM.30183954,10.02.2026 08:00,Ne,předzásobení,Brno,Bílovická,10.02.2026 14:00,"Odstávka z důvodu napojení provizorního zásobování.
Možnost předzásobení.",16.64984657,49.23275512,268,e2efd254-a1d3-4686-8aea-01a47e2cc91d,1853452.44195853,6314447.74655855
PU_PU_OM.30183954,10.02.2026 08:00,Ne,předzásobení,Brno,Bílovická,10.02.2026 14:00,"Odstávka z důvodu napojení provizorního zásobování.
Možnost předzásobení.",16.64986612,49.23273858,269,cfcdd3d7-8728-4162-820b-a9087d4c4994,1853454.61825458,6314444.92686689
PU_PU_OM.30183954,10.02.2026 08:00,Ne,předzásobení,Brno,Bílovická,10.02.2026 14:00,"Odstávka z důvodu napojení provizorního zásobování.
Možnost předzásobení.",16.64995149,49.23266162,270,ad746620-ad3e-4406-888a-9bea5167a4d2,1853464.12159951,6314431.80695971
PU_PU_OM.30183954,10.02.2026 08:00,Ne,předzásobení,Brno,Bílovická,10.02.2026 14:00,"Odstávka z důvodu napojení provizorního zásobování.
Možnost předzásobení.",16.64999571,49.23257847,271,fe726de5-1b6b-4b54-a768-fe6e4e8f3d82,1853469.04414739,6314417.63182309
PU_PU_OM.30183954,10.02.2026 08:00,Ne,předzásobení,Brno,Bílovická,10.02.2026 14:00,"Odstávka z důvodu napojení provizorního zásobování.
Možnost předzásobení.",16.64996631,49.23237041,272,8454ab89-13e9-4a00-9716-113a51ed40ec,1853465.77135436,6314382.1625479
PU_PU_OM.30183954,10.02.2026 08:00,Ne,předzásobení,Brno,Bílovická,10.02.2026 14:00,"Odstávka z důvodu napojení provizorního zásobování.
Možnost předzásobení.",16.65000048,49.23222754,273,0332496d-e8dd-4206-90a9-f07ddff33e83,1853469.57514136,6314357.80670177
PU_PU_OM.30183954,10.02.2026 08:00,Ne,předzásobení,Brno,Bílovická,10.02.2026 14:00,"Odstávka z důvodu napojení provizorního zásobování.
Možnost předzásobení.",16.65001359,49.23208986,274,2a8a9175-a9ed-470e-bb1a-c2d10c6c8e70,1853471.03453988,6314334.33569054
PU_PU_OM.30183954,10.02.2026 08:00,Ne,předzásobení,Brno,Bílovická,10.02.2026 14:00,"Odstávka z důvodu napojení provizorního zásobování.
Možnost předzásobení.",16.65018597,49.2316474,275,c10d64a6-34e6-46f0-8b89-6af8e54a76bb,1853490.22379371,6314258.90772245
PU_PU_OM.30183954,10.02.2026 08:00,Ne,předzásobení,Brno,Bílovická,10.02.2026 14:00,"Odstávka z důvodu napojení provizorního zásobování.
Možnost předzásobení.",16.64980763,49.23167794,276,9ee9c20c-068d-4258-89a1-2395a5aaaf9e,1853448.10717756,6314264.1139796
PU_PU_OM.30183954,10.02.2026 08:00,Ne,předzásobení,Brno,Bílovická,10.02.2026 14:00,"Odstávka z důvodu napojení provizorního zásobování.
Možnost předzásobení.",16.64973296,49.23143082,277,82ddaed2-0b73-4e49-aa88-1a84022b9c51,1853439.79495118,6314221.98668921
PU_PU_OM.30183954,10.02.2026 08:00,Ne,předzásobení,Brno,Bílovická,10.02.2026 14:00,"Odstávka z důvodu napojení provizorního zásobování.
Možnost předzásobení.",16.64951166,49.23152167,278,fbbc2599-b2b1-4045-81ee-64af1cbd83e7,1853415.15994787,6314237.47413773
PU_PU_OM.30183954,10.02.2026 08:00,Ne,předzásobení,Brno,Bílovická,10.02.2026 14:00,"Odstávka z důvodu napojení provizorního zásobování.
Možnost předzásobení.",16.64765042,49.23341453,279,e19ff434-c2e2-4f10-92e2-1c60def08bd2,1853207.96765883,6314560.16164914
PU_PU_OM.30183954,10.02.2026 08:00,Ne,předzásobení,Brno,Bílovická,10.02.2026 14:00,"Odstávka z důvodu napojení provizorního zásobování.
Možnost předzásobení.",16.64753756,49.2332356,280,25f1e55e-0fe2-46a9-a23b-3ada57ab5310,1853195.4041411,6314529.65781999
PU_PU_OM.30183954,10.02.2026 08:00,Ne,předzásobení,Brno,Bílovická,10.02.2026 14:00,"Odstávka z důvodu napojení provizorního zásobování.
Možnost předzásobení.",16.64776772,49.23307845,281,33d4bc48-fc2a-4578-963b-6a3c61f46499,1853221.0254351,6314502.86711723
PU_PU_OM.30183954,10.02.2026 08:00,Ne,předzásobení,Brno,Bílovická,10.02.2026 14:00,"Odstávka z důvodu napojení provizorního zásobování.
Možnost předzásobení.",16.6479421,49.23295876,282,34c86152-5bf0-46d3-b265-fe88741991df,1853240.4373279,6314482.4625978
PU_PU_OM.30183954,10.02.2026 08:00,Ne,předzásobení,Brno,Bílovická,10.02.2026 14:00,"Odstávka z důvodu napojení provizorního zásobování.
Možnost předzásobení.",16.64810689,49.23284115,283,c7aa3f9a-f012-46af-a1ad-f8c0eea8f5a8,1853258.78166679,6314462.4127209
PU_PU_OM.30183954,10.02.2026 08:00,Ne,předzásobení,Brno,Bílovická,10.02.2026 14:00,"Odstávka z důvodu napojení provizorního zásobování.
Možnost předzásobení.",16.64843975,49.23289524,284,a198b36b-ef6c-4e8d-8ab4-8f51192e2a60,1853295.8354725,6314471.63385128
PU_PU_OM.30183954,10.02.2026 08:00,Ne,předzásobení,Brno,Bílovická,10.02.2026 14:00,"Odstávka z důvodu napojení provizorního zásobování.
Možnost předzásobení.",16.64843481,49.23260208,285,a9f9df8d-357a-4826-8abf-50277d22e275,1853295.28555421,6314421.65677527
PU_PU_OM.30183954,10.02.2026 08:00,Ne,předzásobení,Brno,Bílovická,10.02.2026 14:00,"Odstávka z důvodu napojení provizorního zásobování.
Možnost předzásobení.",16.64847896,49.23257079,286,75e16cb7-835d-4136-bf7f-221592b25ad4,1853300.20030973,6314416.32256333
PU_PU_OM.30183954,10.02.2026 08:00,Ne,předzásobení,Brno,Bílovická,10.02.2026 14:00,"Odstávka z důvodu napojení provizorního zásobování.
Možnost předzásobení.",16.64880446,49.2326049,287,1cd4d5d6-c886-4884-b2ad-0f8a97d8ab34,1853336.43480398,6314422.13751937
PU_PU_OM.30183954,10.02.2026 08:00,Ne,předzásobení,Brno,Bílovická,10.02.2026 14:00,"Odstávka z důvodu napojení provizorního zásobování.
Možnost předzásobení.",16.64863687,49.23241092,288,e3a90d56-aa70-4a12-8528-da0e6431fe87,1853317.77877052,6314389.06852647
PU_PU_OM.30183954,10.02.2026 08:00,Ne,předzásobení,Brno,Bílovická,10.02.2026 14:00,"Odstávka z důvodu napojení provizorního zásobování.
Možnost předzásobení.",16.64680475,49.2340741,289,9edf3ca7-79de-4e1e-9773-3671695abc94,1853113.82810505,6314672.60551743
PU_PU_OM.30183954,10.02.2026 08:00,Ne,předzásobení,Brno,Bílovická,10.02.2026 14:00,"Odstávka z důvodu napojení provizorního zásobování.
Možnost předzásobení.",16.64694378,49.2339583,290,d33573e7-dbef-4e63-a5c3-320648bf75f3,1853129.30485385,6314652.86375899
PU_PU_OM.30183954,10.02.2026 08:00,Ne,předzásobení,Brno,Bílovická,10.02.2026 14:00,"Odstávka z důvodu napojení provizorního zásobování.
Možnost předzásobení.",16.64709006,49.23383092,291,62eb0dd7-b872-408a-980c-674c3a16ab4b,1853145.58866897,6314631.14787815
PU_PU_OM.30183954,10.02.2026 08:00,Ne,předzásobení,Brno,Bílovická,10.02.2026 14:00,"Odstávka z důvodu napojení provizorního zásobování.
Možnost předzásobení.",16.64726256,49.23373781,292,89b113ec-713b-496a-bf71-670b1536eec0,1853164.79128113,6314615.27441959
PU_PU_OM.30183954,10.02.2026 08:00,Ne,předzásobení,Brno,Bílovická,10.02.2026 14:00,"Odstávka z důvodu napojení provizorního zásobování.
Možnost předzásobení.",16.64710203,49.23354102,293,0c335619-20b9-4862-a73a-c1672946db71,1853146.92116327,6314581.72561984
PU_PU_OM.30183954,10.02.2026 08:00,Ne,předzásobení,Brno,Bílovická,10.02.2026 14:00,"Odstávka z důvodu napojení provizorního zásobování.
Možnost předzásobení.",16.64719541,49.23347019,294,1e663964-4e82-4f76-870a-2dd9d5668a7e,1853157.31617732,6314569.65053956
PU_PU_OM.30183954,10.02.2026 08:00,Ne,předzásobení,Brno,Bílovická,10.02.2026 14:00,"Odstávka z důvodu napojení provizorního zásobování.
Možnost předzásobení.",16.64736473,49.23335312,295,5d33b9a4-972c-4e40-b959-0878de749495,1853176.1647935,6314549.69251386
PU_PU_OM.30183954,10.02.2026 08:00,Ne,předzásobení,Brno,Bílovická,10.02.2026 14:00,"Odstávka z důvodu napojení provizorního zásobování.
Možnost předzásobení.",16.64921131,49.23219581,296,0c8c2294-08f7-478a-abd1-5a343127a467,1853381.72513881,6314352.39752117
PU_PU_OM.30183954,10.02.2026 08:00,Ne,předzásobení,Brno,Bílovická,10.02.2026 14:00,"Odstávka z důvodu napojení provizorního zásobování.
Možnost předzásobení.",16.64930794,49.23192243,297,45bbdd56-ea54-4a1e-9427-3a17d4fbcab0,1853392.48194121,6314305.79313336
PU_PU_OM.30183954,10.02.2026 08:00,Ne,předzásobení,Brno,Bílovická,10.02.2026 14:00,"Odstávka z důvodu napojení provizorního zásobování.
Možnost předzásobení.",16.64936928,49.23167079,298,b8f0b747-4d4d-4691-bb13-aad8182ca954,1853399.31027877,6314262.89509462
PU_PU_OM.30183954,10.02.2026 08:00,Ne,předzásobení,Brno,Bílovická,10.02.2026 14:00,"Odstávka z důvodu napojení provizorního zásobování.
Možnost předzásobení.",16.6466087,49.23423198,299,9cb59f90-2214-4a7d-bbab-65b7e8f14995,1853092.00391888,6314699.52121223
PU_PU_OM.30183954,10.02.2026 08:00,Ne,předzásobení,Brno,Bílovická,10.02.2026 14:00,"Odstávka z důvodu napojení provizorního zásobování.
Možnost předzásobení.",16.64911455,49.23011817,300,f1a84e1f-726d-4c4f-99f9-b4f2780b1a36,1853370.95386488,6313998.21882431
PU_PU_OM.30183954,10.02.2026 08:00,Ne,předzásobení,Brno,Bílovická,10.02.2026 14:00,"Odstávka z důvodu napojení provizorního zásobování.
Možnost předzásobení.",16.65125201,49.23054031,301,d7c5a6cf-7c6f-49a7-86a9-78041e2a8c3c,1853608.89482367,6314070.18051641
PU_PU_OM.30183954,10.02.2026 08:00,Ne,předzásobení,Brno,Bílovická,10.02.2026 14:00,"Odstávka z důvodu napojení provizorního zásobování.
Možnost předzásobení.",16.65059843,49.23090742,302,2653bfcd-d2c7-49cd-88df-2a3a8111c3be,1853536.13863088,6314132.76181126
PU_PU_OM.30183954,10.02.2026 08:00,Ne,předzásobení,Brno,Bílovická,10.02.2026 14:00,"Odstávka z důvodu napojení provizorního zásobování.
Možnost předzásobení.",16.65151431,49.23235256,303,15e92d2e-5b7b-43c0-9cbd-7a88e1641029,1853638.09392611,6314379.11955495
PU_PU_OM.30183954,10.02.2026 08:00,Ne,předzásobení,Brno,Bílovická,10.02.2026 14:00,"Odstávka z důvodu napojení provizorního zásobování.
Možnost předzásobení.",16.65281083,49.23272557,304,1c1bf21b-3105-4a18-8c54-186cac9e46bc,1853782.42187231,6314442.70896015
PU_PU_OM.30183954,10.02.2026 08:00,Ne,předzásobení,Brno,Bílovická,10.02.2026 14:00,"Odstávka z důvodu napojení provizorního zásobování.
Možnost předzásobení.",16.64928185,49.23322101,305,24b2d00d-1fb2-4c32-a7a3-2c1cd7257e5c,1853389.57761569,6314527.17053448
PU_PU_OM.30183954,10.02.2026 08:00,Ne,předzásobení,Brno,Bílovická,10.02.2026 14:00,"Odstávka z důvodu napojení provizorního zásobování.
Možnost předzásobení.",16.64989484,49.23242487,306,281f0ce3-3fdd-4370-8ff8-72cc0df86551,1853457.81535035,6314391.44666654
PU_PU_OM.30183954,10.02.2026 08:00,Ne,předzásobení,Brno,Bílovická,10.02.2026 14:00,"Odstávka z důvodu napojení provizorního zásobování.
Možnost předzásobení.",16.6485535,49.23279758,307,6a785298-a0e3-40db-95dc-52d88c7b09e3,1853308.49806457,6314454.98502163
PU_PU_OM.30183954,10.02.2026 08:00,Ne,předzásobení,Brno,Bílovická,10.02.2026 14:00,"Odstávka z důvodu napojení provizorního zásobování.
Možnost předzásobení.",16.64865747,49.23233887,308,19be3691-a302-48b5-b6b8-77eecb019834,1853320.07195203,6314376.78574205
PU_PU_OM.30183954,10.02.2026 08:00,Ne,předzásobení,Brno,Bílovická,10.02.2026 14:00,"Odstávka z důvodu napojení provizorního zásobování.
Možnost předzásobení.",16.64935644,49.23185969,309,84b759a5-1f6c-43a3-848b-b6fb79d2c042,1853397.88093651,6314295.09758378
PU_PU_OM.30183954,10.02.2026 08:00,Ne,předzásobení,Brno,Bílovická,10.02.2026 14:00,"Odstávka z důvodu napojení provizorního zásobování.
Možnost předzásobení.",16.65046982,49.23112956,310,e614bfda-89e4-4a2c-9c27-8b2fbb470a69,1853521.82183117,6314170.63027506
PU_PU_OM.30183954,10.02.2026 08:00,Ne,předzásobení,Brno,Bílovická,10.02.2026 14:00,"Odstávka z důvodu napojení provizorního zásobování.
Možnost předzásobení.",16.64945823,49.23293969,311,086fa19e-329c-4ed4-b0d0-e8742cc473fa,1853409.21214748,6314479.21158569
PU_PU_OM.30183954,10.02.2026 08:00,Ne,předzásobení,Brno,Bílovická,10.02.2026 14:00,"Odstávka z důvodu napojení provizorního zásobování.
Možnost předzásobení.",16.64930449,49.23200371,312,51a59479-3d4e-4f46-b061-1442c7898d68,1853392.09788896,6314319.64929429
PU_PU_OM.30183954,10.02.2026 08:00,Ne,předzásobení,Brno,Bílovická,10.02.2026 14:00,"Odstávka z důvodu napojení provizorního zásobování.
Možnost předzásobení.",16.65112539,49.23051819,313,e002820a-868c-4bd1-ae19-cf5b1c3fa54d,1853594.79954975,6314066.40973166
PU_PU_OM.30183954,10.02.2026 08:00,Ne,předzásobení,Brno,Bílovická,10.02.2026 14:00,"Odstávka z důvodu napojení provizorního zásobování.
Možnost předzásobení.",16.65109451,49.23053563,314,542bef7b-55ed-4fa6-ba9e-4a28d3d3de54,1853591.36200387,6314069.38271913
PU_PU_OM.30183954,10.02.2026 08:00,Ne,předzásobení,Brno,Bílovická,10.02.2026 14:00,"Odstávka z důvodu napojení provizorního zásobování.
Možnost předzásobení.",16.65055646,49.23172616,315,b7f66fb6-d125-476c-bbba-71c0a5dc5e0b,1853531.46655185,6314272.33421275
PU_PU_OM.30183954,10.02.2026 08:00,Ne,předzásobení,Brno,Bílovická,10.02.2026 14:00,"Odstávka z důvodu napojení provizorního zásobování.
Možnost předzásobení.",16.65032821,49.23162058,316,baa748c8-fb88-4036-b3a0-c2cd8e3bd74e,1853506.05787808,6314254.33562893
PU_PU_OM.30183954,10.02.2026 08:00,Ne,předzásobení,Brno,Bílovická,10.02.2026 14:00,"Odstávka z důvodu napojení provizorního zásobování.
Možnost předzásobení.",16.65051162,49.23155628,317,82912ca9-6f41-45f0-80f3-437218f19caf,1853526.47498588,6314243.37420679
PU_PU_OM.30183954,10.02.2026 08:00,Ne,předzásobení,Brno,Bílovická,10.02.2026 14:00,"Odstávka z důvodu napojení provizorního zásobování.
Možnost předzásobení.",16.65046832,49.23140319,318,94250677-dac6-46ec-ad49-193f32559641,1853521.65485193,6314217.27653303
PU_PU_OM.30183954,10.02.2026 08:00,Ne,předzásobení,Brno,Bílovická,10.02.2026 14:00,"Odstávka z důvodu napojení provizorního zásobování.
Možnost předzásobení.",16.65046902,49.23133682,319,b0e23761-e447-49c0-ab40-f2411d22e0c6,1853521.73277558,6314205.96228154
PU_PU_OM.30183954,10.02.2026 08:00,Ne,předzásobení,Brno,Bílovická,10.02.2026 14:00,"Odstávka z důvodu napojení provizorního zásobování.
Možnost předzásobení.",16.65047215,49.23128659,320,86d82a3e-238a-473b-a799-b755bb9742fa,1853522.08120558,6314197.39946427
PU_PU_OM.30183954,10.02.2026 08:00,Ne,předzásobení,Brno,Bílovická,10.02.2026 14:00,"Odstávka z důvodu napojení provizorního zásobování.
Možnost předzásobení.",16.65044504,49.23115486,321,b680787f-f28c-479d-8276-1ebcc2f8cde2,1853519.06333419,6314174.94320625
PU_PU_OM.30183954,10.02.2026 08:00,Ne,předzásobení,Brno,Bílovická,10.02.2026 14:00,"Odstávka z důvodu napojení provizorního zásobování.
Možnost předzásobení.",16.65047006,49.23105409,322,25005959-b593-41bd-aae8-fe6435ca73b0,1853521.84854785,6314157.76479741
PU_PU_OM.30183954,10.02.2026 08:00,Ne,předzásobení,Brno,Bílovická,10.02.2026 14:00,"Odstávka z důvodu napojení provizorního zásobování.
Možnost předzásobení.",16.65047924,49.23097391,323,e1adbfbf-b631-4895-81ef-a977694659ed,1853522.87046077,6314144.09642093
